Country Name,Country Code,Indicator Name,Indicator Code,1960.00,1961.00,1962.00,1963.00,1964.00,1965.00,1966.00,1967.00,1968.00,1969.00,1970.00,1971.00,1972.00,1973.00,1974.00,1975.00,1976.00,1977.00,1978.00,1979.00,1980.00,1981.00,1982.00,1983.00,1984.00,1985.00,1986.00,1987.00,1988.00,1989.00,1990.00,1991.00,1992.00,1993.00,1994.00,1995.00,1996.00,1997.00,1998.00,1999.00,2000.00,2001.00,2002.00,2003.00,2004.00,2005.00,2006.00,2007.00,2008.00,2009.00,2010.00,2011.00,2012.00,2013.00,2014.00,2015.00,,
Aruba,ABW,HFC gas emissions (thousand metric tons of CO2 equivalent),EN.ATM.HFCG.KT.CE,,,,,,,,,,,,,,,,,,,,,,,,,,,,,,,,,,,,,,,,,,,,,,,,,,,,,,,,,,
Afghanistan,AFG,HFC gas emissions (thousand metric tons of CO2 equivalent),EN.ATM.HFCG.KT.CE,,,,,,,,,,,,,,,,,,,,,,,,,,,,,,,,,,,,,,,,,,,,,,,,,,,,,,,,,,
Angola,AGO,HFC gas emissions (thousand metric tons of CO2 equivalent),EN.ATM.HFCG.KT.CE,,,,,,,,,,,,,,,,,,,,,,,,,,,,,,,0.00,,,,,,,,,,0.70,,,,,19.30,,,26.50,,31.00,,,,,,,
Albania,ALB,HFC gas emissions (thousand metric tons of CO2 equivalent),EN.ATM.HFCG.KT.CE,,,,,,,,,,,,,,,,,,,,,,,,,,,,,,,0.00,,,,,,,,,,15.50,,,,,61.80,,,86.90,,105.00,,,,,,,
Andorra,AND,HFC gas emissions (thousand metric tons of CO2 equivalent),EN.ATM.HFCG.KT.CE,,,,,,,,,,,,,,,,,,,,,,,,,,,,,,,,,,,,,,,,,,,,,,,,,,,,,,,,,,
Arab World,ARB,HFC gas emissions (thousand metric tons of CO2 equivalent),EN.ATM.HFCG.KT.CE,,,,,,,,,,,,,,,,,,,,,,,,,,,,,,,,,,,,,,,,,,,,,,,,,,,,,,,,,,
United Arab Emirates,ARE,HFC gas emissions (thousand metric tons of CO2 equivalent),EN.ATM.HFCG.KT.CE,,,,,,,,,,,,,,,,,,,,,,,,,,,,,,,0.00,,,,,,,,,,0.00,,,,,0.00,,,0.00,,0.00,,,,,,,
Argentina,ARG,HFC gas emissions (thousand metric tons of CO2 equivalent),EN.ATM.HFCG.KT.CE,,,,,,,,,,,,,,,,,,,,,,,,,,,,,,,206.30,,,,,,,,,,63.00,,,,,218.10,,,340.00,,506.00,,,,,,,
Armenia,ARM,HFC gas emissions (thousand metric tons of CO2 equivalent),EN.ATM.HFCG.KT.CE,,,,,,,,,,,,,,,,,,,,,,,,,,,,,,,0.00,,,,,,,,,,42.00,,,,,332.20,,,469.60,,565.00,,,,,,,
American Samoa,ASM,HFC gas emissions (thousand metric tons of CO2 equivalent),EN.ATM.HFCG.KT.CE,,,,,,,,,,,,,,,,,,,,,,,,,,,,,,,,,,,,,,,,,,,,,,,,,,,,,,,,,,
Antigua and Barbuda,ATG,HFC gas emissions (thousand metric tons of CO2 equivalent),EN.ATM.HFCG.KT.CE,,,,,,,,,,,,,,,,,,,,,,,,,,,,,,,,,,,,,,,,,,,,,,,,,,,,,,,,,,
Australia,AUS,HFC gas emissions (thousand metric tons of CO2 equivalent),EN.ATM.HFCG.KT.CE,,,,,,,,,,,,,,,,,,,,,,,,,,,,,,,612.50,,,,,,,,,,2545.70,,,,,5145.60,,,6857.40,,7992.00,,,,,,,
Austria,AUT,HFC gas emissions (thousand metric tons of CO2 equivalent),EN.ATM.HFCG.KT.CE,,,,,,,,,,,,,,,,,,,,,,,,,,,,,,,30.90,,,,,,,,,,1018.40,,,,,1891.20,,,2468.90,,2835.00,,,,,,,
Azerbaijan,AZE,HFC gas emissions (thousand metric tons of CO2 equivalent),EN.ATM.HFCG.KT.CE,,,,,,,,,,,,,,,,,,,,,,,,,,,,,,,0.00,,,,,,,,,,8.50,,,,,55.40,,,73.10,,86.00,,,,,,,
Burundi,BDI,HFC gas emissions (thousand metric tons of CO2 equivalent),EN.ATM.HFCG.KT.CE,,,,,,,,,,,,,,,,,,,,,,,,,,,,,,,,,,,,,,,,,,,,,,,,,,,,,,,,,,
Belgium,BEL,HFC gas emissions (thousand metric tons of CO2 equivalent),EN.ATM.HFCG.KT.CE,,,,,,,,,,,,,,,,,,,,,,,,,,,,,,,0.50,,,,,,,,,,997.70,,,,,1882.60,,,2471.10,,2657.00,,,,,,,
Benin,BEN,HFC gas emissions (thousand metric tons of CO2 equivalent),EN.ATM.HFCG.KT.CE,,,,,,,,,,,,,,,,,,,,,,,,,,,,,,,0.00,,,,,,,,,,0.00,,,,,0.00,,,0.00,,0.00,,,,,,,
Burkina Faso,BFA,HFC gas emissions (thousand metric tons of CO2 equivalent),EN.ATM.HFCG.KT.CE,,,,,,,,,,,,,,,,,,,,,,,,,,,,,,,,,,,,,,,,,,,,,,,,,,,,,,,,,,
Bangladesh,BGD,HFC gas emissions (thousand metric tons of CO2 equivalent),EN.ATM.HFCG.KT.CE,,,,,,,,,,,,,,,,,,,,,,,,,,,,,,,0.00,,,,,,,,,,0.00,,,,,0.00,,,0.00,,0.00,,,,,,,
Bulgaria,BGR,HFC gas emissions (thousand metric tons of CO2 equivalent),EN.ATM.HFCG.KT.CE,,,,,,,,,,,,,,,,,,,,,,,,,,,,,,,0.00,,,,,,,,,,103.10,,,,,361.60,,,508.00,,648.00,,,,,,,
Bahrain,BHR,HFC gas emissions (thousand metric tons of CO2 equivalent),EN.ATM.HFCG.KT.CE,,,,,,,,,,,,,,,,,,,,,,,,,,,,,,,0.00,,,,,,,,,,0.00,,,,,0.00,,,0.00,,0.00,,,,,,,
"Bahamas, The",BHS,HFC gas emissions (thousand metric tons of CO2 equivalent),EN.ATM.HFCG.KT.CE,,,,,,,,,,,,,,,,,,,,,,,,,,,,,,,,,,,,,,,,,,,,,,,,,,,,,,,,,,
Bosnia and Herzegovina,BIH,HFC gas emissions (thousand metric tons of CO2 equivalent),EN.ATM.HFCG.KT.CE,,,,,,,,,,,,,,,,,,,,,,,,,,,,,,,0.00,,,,,,,,,,79.80,,,,,422.50,,,617.60,,755.00,,,,,,,
Belarus,BLR,HFC gas emissions (thousand metric tons of CO2 equivalent),EN.ATM.HFCG.KT.CE,,,,,,,,,,,,,,,,,,,,,,,,,,,,,,,0.00,,,,,,,,,,107.70,,,,,440.20,,,612.10,,516.00,,,,,,,
Belize,BLZ,HFC gas emissions (thousand metric tons of CO2 equivalent),EN.ATM.HFCG.KT.CE,,,,,,,,,,,,,,,,,,,,,,,,,,,,,,,,,,,,,,,,,,,,,,,,,,,,,,,,,,
Bermuda,BMU,HFC gas emissions (thousand metric tons of CO2 equivalent),EN.ATM.HFCG.KT.CE,,,,,,,,,,,,,,,,,,,,,,,,,,,,,,,,,,,,,,,,,,,,,,,,,,,,,,,,,,
Bolivia,BOL,HFC gas emissions (thousand metric tons of CO2 equivalent),EN.ATM.HFCG.KT.CE,,,,,,,,,,,,,,,,,,,,,,,,,,,,,,,0.00,,,,,,,,,,0.00,,,,,0.00,,,0.00,,0.00,,,,,,,
Brazil,BRA,HFC gas emissions (thousand metric tons of CO2 equivalent),EN.ATM.HFCG.KT.CE,,,,,,,,,,,,,,,,,,,,,,,,,,,,,,,1930.70,,,,,,,,,,147.40,,,,,1793.40,,,2707.50,,3336.00,,,,,,,
Barbados,BRB,HFC gas emissions (thousand metric tons of CO2 equivalent),EN.ATM.HFCG.KT.CE,,,,,,,,,,,,,,,,,,,,,,,,,,,,,,,,,,,,,,,,,,,,,,,,,,,,,,,,,,
Brunei Darussalam,BRN,HFC gas emissions (thousand metric tons of CO2 equivalent),EN.ATM.HFCG.KT.CE,,,,,,,,,,,,,,,,,,,,,,,,,,,,,,,0.00,,,,,,,,,,100.70,,,,,255.60,,,354.90,,427.00,,,,,,,
Bhutan,BTN,HFC gas emissions (thousand metric tons of CO2 equivalent),EN.ATM.HFCG.KT.CE,,,,,,,,,,,,,,,,,,,,,,,,,,,,,,,,,,,,,,,,,,,,,,,,,,,,,,,,,,
Botswana,BWA,HFC gas emissions (thousand metric tons of CO2 equivalent),EN.ATM.HFCG.KT.CE,,,,,,,,,,,,,,,,,,,,,,,,,,,,,,,0.00,,,,,,,,,,0.00,,,,,0.00,,,0.00,,0.00,,,,,,,
Central African Republic,CAF,HFC gas emissions (thousand metric tons of CO2 equivalent),EN.ATM.HFCG.KT.CE,,,,,,,,,,,,,,,,,,,,,,,,,,,,,,,,,,,,,,,,,,,,,,,,,,,,,,,,,,
Canada,CAN,HFC gas emissions (thousand metric tons of CO2 equivalent),EN.ATM.HFCG.KT.CE,,,,,,,,,,,,,,,,,,,,,,,,,,,,,,,418.50,,,,,,,,,,6202.80,,,,,11928.40,,,15474.80,,21577.00,,,,,,,
Central Europe and the Baltics,CEB,HFC gas emissions (thousand metric tons of CO2 equivalent),EN.ATM.HFCG.KT.CE,,,,,,,,,,,,,,,,,,,,,,,,,,,,,,,,,,,,,,,,,,,,,,,,,,,13639.00,,,,,,,
Switzerland,CHE,HFC gas emissions (thousand metric tons of CO2 equivalent),EN.ATM.HFCG.KT.CE,,,,,,,,,,,,,,,,,,,,,,,,,,,,,,,0.30,,,,,,,,,,848.20,,,,,1613.80,,,2116.40,,2277.00,,,,,,,
Channel Islands,CHI,HFC gas emissions (thousand metric tons of CO2 equivalent),EN.ATM.HFCG.KT.CE,,,,,,,,,,,,,,,,,,,,,,,,,,,,,,,,,,,,,,,,,,,,,,,,,,,,,,,,,,
Chile,CHL,HFC gas emissions (thousand metric tons of CO2 equivalent),EN.ATM.HFCG.KT.CE,,,,,,,,,,,,,,,,,,,,,,,,,,,,,,,0.00,,,,,,,,,,0.00,,,,,0.00,,,0.00,,0.00,,,,,,,
China,CHN,HFC gas emissions (thousand metric tons of CO2 equivalent),EN.ATM.HFCG.KT.CE,,,,,,,,,,,,,,,,,,,,,,,,,,,,,,,5970.10,,,,,,,,,,38094.00,,,,,146690.00,,,152999.00,,183870.00,,,,,,,
Cote d'Ivoire,CIV,HFC gas emissions (thousand metric tons of CO2 equivalent),EN.ATM.HFCG.KT.CE,,,,,,,,,,,,,,,,,,,,,,,,,,,,,,,0.00,,,,,,,,,,0.00,,,,,0.00,,,0.00,,0.00,,,,,,,
Cameroon,CMR,HFC gas emissions (thousand metric tons of CO2 equivalent),EN.ATM.HFCG.KT.CE,,,,,,,,,,,,,,,,,,,,,,,,,,,,,,,0.00,,,,,,,,,,0.00,,,,,0.00,,,0.00,,0.00,,,,,,,
"Congo, Dem. Rep.",COD,HFC gas emissions (thousand metric tons of CO2 equivalent),EN.ATM.HFCG.KT.CE,,,,,,,,,,,,,,,,,,,,,,,,,,,,,,,0.00,,,,,,,,,,0.00,,,,,0.00,,,0.00,,0.00,,,,,,,
"Congo, Rep.",COG,HFC gas emissions (thousand metric tons of CO2 equivalent),EN.ATM.HFCG.KT.CE,,,,,,,,,,,,,,,,,,,,,,,,,,,,,,,0.00,,,,,,,,,,0.80,,,,,4.70,,,6.70,,8.00,,,,,,,
Colombia,COL,HFC gas emissions (thousand metric tons of CO2 equivalent),EN.ATM.HFCG.KT.CE,,,,,,,,,,,,,,,,,,,,,,,,,,,,,,,0.00,,,,,,,,,,0.00,,,,,0.00,,,0.00,,0.00,,,,,,,
Comoros,COM,HFC gas emissions (thousand metric tons of CO2 equivalent),EN.ATM.HFCG.KT.CE,,,,,,,,,,,,,,,,,,,,,,,,,,,,,,,,,,,,,,,,,,,,,,,,,,,,,,,,,,
Cabo Verde,CPV,HFC gas emissions (thousand metric tons of CO2 equivalent),EN.ATM.HFCG.KT.CE,,,,,,,,,,,,,,,,,,,,,,,,,,,,,,,,,,,,,,,,,,,,,,,,,,,,,,,,,,
Costa Rica,CRI,HFC gas emissions (thousand metric tons of CO2 equivalent),EN.ATM.HFCG.KT.CE,,,,,,,,,,,,,,,,,,,,,,,,,,,,,,,0.00,,,,,,,,,,25.20,,,,,61.50,,,83.20,,98.00,,,,,,,
Caribbean small states,CSS,HFC gas emissions (thousand metric tons of CO2 equivalent),EN.ATM.HFCG.KT.CE,,,,,,,,,,,,,,,,,,,,,,,,,,,,,,,,,,,,,,,,,,,,,,,,,,,,,,,,,,
Cuba,CUB,HFC gas emissions (thousand metric tons of CO2 equivalent),EN.ATM.HFCG.KT.CE,,,,,,,,,,,,,,,,,,,,,,,,,,,,,,,0.00,,,,,,,,,,34.20,,,,,127.80,,,185.90,,226.00,,,,,,,
Curacao,CUW,HFC gas emissions (thousand metric tons of CO2 equivalent),EN.ATM.HFCG.KT.CE,,,,,,,,,,,,,,,,,,,,,,,,,,,,,,,,,,,,,,,,,,,,,,,,,,,,,,,,,,
Cayman Islands,CYM,HFC gas emissions (thousand metric tons of CO2 equivalent),EN.ATM.HFCG.KT.CE,,,,,,,,,,,,,,,,,,,,,,,,,,,,,,,,,,,,,,,,,,,,,,,,,,,,,,,,,,
Cyprus,CYP,HFC gas emissions (thousand metric tons of CO2 equivalent),EN.ATM.HFCG.KT.CE,,,,,,,,,,,,,,,,,,,,,,,,,,,,,,,0.00,,,,,,,,,,78.40,,,,,188.30,,,256.10,,304.00,,,,,,,
Czech Republic,CZE,HFC gas emissions (thousand metric tons of CO2 equivalent),EN.ATM.HFCG.KT.CE,,,,,,,,,,,,,,,,,,,,,,,,,,,,,,,0.10,,,,,,,,,,399.50,,,,,1078.70,,,1459.00,,3613.00,,,,,,,
Germany,DEU,HFC gas emissions (thousand metric tons of CO2 equivalent),EN.ATM.HFCG.KT.CE,,,,,,,,,,,,,,,,,,,,,,,,,,,,,,,2581.50,,,,,,,,,,11277.60,,,,,14684.60,,,19466.80,,19780.00,,,,,,,
Djibouti,DJI,HFC gas emissions (thousand metric tons of CO2 equivalent),EN.ATM.HFCG.KT.CE,,,,,,,,,,,,,,,,,,,,,,,,,,,,,,,,,,,,,,,,,,,,,,,,,,,,,,,,,,
Dominica,DMA,HFC gas emissions (thousand metric tons of CO2 equivalent),EN.ATM.HFCG.KT.CE,,,,,,,,,,,,,,,,,,,,,,,,,,,,,,,,,,,,,,,,,,,,,,,,,,,,,,,,,,
Denmark,DNK,HFC gas emissions (thousand metric tons of CO2 equivalent),EN.ATM.HFCG.KT.CE,,,,,,,,,,,,,,,,,,,,,,,,,,,,,,,0.30,,,,,,,,,,662.20,,,,,1249.50,,,1629.60,,1693.00,,,,,,,
Dominican Republic,DOM,HFC gas emissions (thousand metric tons of CO2 equivalent),EN.ATM.HFCG.KT.CE,,,,,,,,,,,,,,,,,,,,,,,,,,,,,,,0.00,,,,,,,,,,0.00,,,,,0.00,,,0.00,,0.00,,,,,,,
Algeria,DZA,HFC gas emissions (thousand metric tons of CO2 equivalent),EN.ATM.HFCG.KT.CE,,,,,,,,,,,,,,,,,,,,,,,,,,,,,,,0.00,,,,,,,,,,60.50,,,,,166.80,,,230.20,,275.00,,,,,,,
East Asia & Pacific (excluding high income),EAP,HFC gas emissions (thousand metric tons of CO2 equivalent),EN.ATM.HFCG.KT.CE,,,,,,,,,,,,,,,,,,,,,,,,,,,,,,,,,,,,,,,,,,,,,,,,,,,231388.95,,,,,,,
Early-demographic dividend,EAR,HFC gas emissions (thousand metric tons of CO2 equivalent),EN.ATM.HFCG.KT.CE,,,,,,,,,,,,,,,,,,,,,,,,,,,,,,,,,,,,,,,,,,,,,,,,,,,48573.86,,,,,,,
East Asia & Pacific,EAS,HFC gas emissions (thousand metric tons of CO2 equivalent),EN.ATM.HFCG.KT.CE,,,,,,,,,,,,,,,,,,,,,,,,,,,,,,,,,,,,,,,,,,,,,,,,,,,293844.30,,,,,,,
Europe & Central Asia (excluding high income),ECA,HFC gas emissions (thousand metric tons of CO2 equivalent),EN.ATM.HFCG.KT.CE,,,,,,,,,,,,,,,,,,,,,,,,,,,,,,,,,,,,,,,,,,,,,,,,,,,44896.61,,,,,,,
Europe & Central Asia,ECS,HFC gas emissions (thousand metric tons of CO2 equivalent),EN.ATM.HFCG.KT.CE,,,,,,,,,,,,,,,,,,,,,,,,,,,,,,,,,,,,,,,,,,,,,,,,,,,154520.22,,,,,,,
Ecuador,ECU,HFC gas emissions (thousand metric tons of CO2 equivalent),EN.ATM.HFCG.KT.CE,,,,,,,,,,,,,,,,,,,,,,,,,,,,,,,0.00,,,,,,,,,,19.70,,,,,62.20,,,86.70,,104.00,,,,,,,
"Egypt, Arab Rep.",EGY,HFC gas emissions (thousand metric tons of CO2 equivalent),EN.ATM.HFCG.KT.CE,,,,,,,,,,,,,,,,,,,,,,,,,,,,,,,0.00,,,,,,,,,,94.70,,,,,315.40,,,439.70,,527.00,,,,,,,
Euro area,EMU,HFC gas emissions (thousand metric tons of CO2 equivalent),EN.ATM.HFCG.KT.CE,,,,,,,,,,,,,,,,,,,,,,,,,,,,,,,,,,,,,,,,,,,,,,,,,,,82846.00,,,,,,,
Eritrea,ERI,HFC gas emissions (thousand metric tons of CO2 equivalent),EN.ATM.HFCG.KT.CE,,,,,,,,,,,,,,,,,,,,,,,,,,,,,,,0.00,,,,,,,,,,0.00,,,,,0.00,,,0.00,,0.00,,,,,,,
Spain,ESP,HFC gas emissions (thousand metric tons of CO2 equivalent),EN.ATM.HFCG.KT.CE,,,,,,,,,,,,,,,,,,,,,,,,,,,,,,,1950.30,,,,,,,,,,3296.80,,,,,6300.30,,,8600.90,,9968.00,,,,,,,
Estonia,EST,HFC gas emissions (thousand metric tons of CO2 equivalent),EN.ATM.HFCG.KT.CE,,,,,,,,,,,,,,,,,,,,,,,,,,,,,,,0.00,,,,,,,,,,7.80,,,,,33.80,,,47.60,,58.00,,,,,,,
Ethiopia,ETH,HFC gas emissions (thousand metric tons of CO2 equivalent),EN.ATM.HFCG.KT.CE,,,,,,,,,,,,,,,,,,,,,,,,,,,,,,,0.00,,,,,,,,,,3.60,,,,,10.30,,,13.30,,16.00,,,,,,,
European Union,EUU,HFC gas emissions (thousand metric tons of CO2 equivalent),EN.ATM.HFCG.KT.CE,,,,,,,,,,,,,,,,,,,,,,,,,,,,,,,,,,,,,,,,,,,,,,,,,,,108293.00,,,,,,,
Fragile and conflict affected situations,FCS,HFC gas emissions (thousand metric tons of CO2 equivalent),EN.ATM.HFCG.KT.CE,,,,,,,,,,,,,,,,,,,,,,,,,,,,,,,,,,,,,,,,,,,,,,,,,,,,,,,,,,
Finland,FIN,HFC gas emissions (thousand metric tons of CO2 equivalent),EN.ATM.HFCG.KT.CE,,,,,,,,,,,,,,,,,,,,,,,,,,,,,,,0.10,,,,,,,,,,378.20,,,,,754.90,,,1003.20,,1203.00,,,,,,,
Fiji,FJI,HFC gas emissions (thousand metric tons of CO2 equivalent),EN.ATM.HFCG.KT.CE,,,,,,,,,,,,,,,,,,,,,,,,,,,,,,,,,,,,,,,,,,,,,,,,,,,,,,,,,,
France,FRA,HFC gas emissions (thousand metric tons of CO2 equivalent),EN.ATM.HFCG.KT.CE,,,,,,,,,,,,,,,,,,,,,,,,,,,,,,,4654.30,,,,,,,,,,9406.40,,,,,12734.70,,,16851.10,,18867.00,,,,,,,
Faroe Islands,FRO,HFC gas emissions (thousand metric tons of CO2 equivalent),EN.ATM.HFCG.KT.CE,,,,,,,,,,,,,,,,,,,,,,,,,,,,,,,,,,,,,,,,,,,,,,,,,,,,,,,,,,
"Micronesia, Fed. Sts.",FSM,HFC gas emissions (thousand metric tons of CO2 equivalent),EN.ATM.HFCG.KT.CE,,,,,,,,,,,,,,,,,,,,,,,,,,,,,,,,,,,,,,,,,,,,,,,,,,,,,,,,,,
Gabon,GAB,HFC gas emissions (thousand metric tons of CO2 equivalent),EN.ATM.HFCG.KT.CE,,,,,,,,,,,,,,,,,,,,,,,,,,,,,,,0.00,,,,,,,,,,2.90,,,,,8.40,,,11.80,,14.00,,,,,,,
United Kingdom,GBR,HFC gas emissions (thousand metric tons of CO2 equivalent),EN.ATM.HFCG.KT.CE,,,,,,,,,,,,,,,,,,,,,,,,,,,,,,,2617.80,,,,,,,,,,6332.50,,,,,9043.40,,,11796.00,,13279.00,,,,,,,
Georgia,GEO,HFC gas emissions (thousand metric tons of CO2 equivalent),EN.ATM.HFCG.KT.CE,,,,,,,,,,,,,,,,,,,,,,,,,,,,,,,0.00,,,,,,,,,,2.50,,,,,11.80,,,16.70,,20.00,,,,,,,
Ghana,GHA,HFC gas emissions (thousand metric tons of CO2 equivalent),EN.ATM.HFCG.KT.CE,,,,,,,,,,,,,,,,,,,,,,,,,,,,,,,0.00,,,,,,,,,,1.90,,,,,7.80,,,11.20,,13.00,,,,,,,
Gibraltar,GIB,HFC gas emissions (thousand metric tons of CO2 equivalent),EN.ATM.HFCG.KT.CE,,,,,,,,,,,,,,,,,,,,,,,,,,,,,,,0.00,,,,,,,,,,0.00,,,,,0.00,,,0.00,,0.00,,,,,,,
Guinea,GIN,HFC gas emissions (thousand metric tons of CO2 equivalent),EN.ATM.HFCG.KT.CE,,,,,,,,,,,,,,,,,,,,,,,,,,,,,,,,,,,,,,,,,,,,,,,,,,,,,,,,,,
"Gambia, The",GMB,HFC gas emissions (thousand metric tons of CO2 equivalent),EN.ATM.HFCG.KT.CE,,,,,,,,,,,,,,,,,,,,,,,,,,,,,,,,,,,,,,,,,,,,,,,,,,,,,,,,,,
Guinea-Bissau,GNB,HFC gas emissions (thousand metric tons of CO2 equivalent),EN.ATM.HFCG.KT.CE,,,,,,,,,,,,,,,,,,,,,,,,,,,,,,,,,,,,,,,,,,,,,,,,,,,,,,,,,,
Equatorial Guinea,GNQ,HFC gas emissions (thousand metric tons of CO2 equivalent),EN.ATM.HFCG.KT.CE,,,,,,,,,,,,,,,,,,,,,,,,,,,,,,,,,,,,,,,,,,,,,,,,,,,,,,,,,,
Greece,GRC,HFC gas emissions (thousand metric tons of CO2 equivalent),EN.ATM.HFCG.KT.CE,,,,,,,,,,,,,,,,,,,,,,,,,,,,,,,507.20,,,,,,,,,,2368.40,,,,,1911.40,,,1000.30,,1204.00,,,,,,,
Grenada,GRD,HFC gas emissions (thousand metric tons of CO2 equivalent),EN.ATM.HFCG.KT.CE,,,,,,,,,,,,,,,,,,,,,,,,,,,,,,,,,,,,,,,,,,,,,,,,,,,,,,,,,,
Greenland,GRL,HFC gas emissions (thousand metric tons of CO2 equivalent),EN.ATM.HFCG.KT.CE,,,,,,,,,,,,,,,,,,,,,,,,,,,,,,,,,,,,,,,,,,,,,,,,,,,,,,,,,,
Guatemala,GTM,HFC gas emissions (thousand metric tons of CO2 equivalent),EN.ATM.HFCG.KT.CE,,,,,,,,,,,,,,,,,,,,,,,,,,,,,,,0.10,,,,,,,,,,157.60,,,,,477.80,,,665.80,,797.00,,,,,,,
Guam,GUM,HFC gas emissions (thousand metric tons of CO2 equivalent),EN.ATM.HFCG.KT.CE,,,,,,,,,,,,,,,,,,,,,,,,,,,,,,,,,,,,,,,,,,,,,,,,,,,,,,,,,,
Guyana,GUY,HFC gas emissions (thousand metric tons of CO2 equivalent),EN.ATM.HFCG.KT.CE,,,,,,,,,,,,,,,,,,,,,,,,,,,,,,,,,,,,,,,,,,,,,,,,,,,,,,,,,,
High income,HIC,HFC gas emissions (thousand metric tons of CO2 equivalent),EN.ATM.HFCG.KT.CE,,,,,,,,,,,,,,,,,,,,,,,,,,,,,,,,,,,,,,,,,,,,,,,,,,,522862.33,,,,,,,
"Hong Kong SAR, China",HKG,HFC gas emissions (thousand metric tons of CO2 equivalent),EN.ATM.HFCG.KT.CE,,,,,,,,,,,,,,,,,,,,,,,,,,,,,,,0.00,,,,,,,,,,0.00,,,,,0.00,,,0.00,,0.00,,,,,,,
Honduras,HND,HFC gas emissions (thousand metric tons of CO2 equivalent),EN.ATM.HFCG.KT.CE,,,,,,,,,,,,,,,,,,,,,,,,,,,,,,,0.00,,,,,,,,,,0.00,,,,,0.00,,,0.00,,0.00,,,,,,,
Heavily indebted poor countries (HIPC),HPC,HFC gas emissions (thousand metric tons of CO2 equivalent),EN.ATM.HFCG.KT.CE,,,,,,,,,,,,,,,,,,,,,,,,,,,,,,,,,,,,,,,,,,,,,,,,,,,,,,,,,,
Croatia,HRV,HFC gas emissions (thousand metric tons of CO2 equivalent),EN.ATM.HFCG.KT.CE,,,,,,,,,,,,,,,,,,,,,,,,,,,,,,,0.00,,,,,,,,,,16.30,,,,,47.50,,,66.30,,78.00,,,,,,,
Haiti,HTI,HFC gas emissions (thousand metric tons of CO2 equivalent),EN.ATM.HFCG.KT.CE,,,,,,,,,,,,,,,,,,,,,,,,,,,,,,,0.00,,,,,,,,,,0.00,,,,,0.00,,,0.00,,0.00,,,,,,,
Hungary,HUN,HFC gas emissions (thousand metric tons of CO2 equivalent),EN.ATM.HFCG.KT.CE,,,,,,,,,,,,,,,,,,,,,,,,,,,,,,,0.10,,,,,,,,,,428.20,,,,,1191.40,,,1652.90,,1749.00,,,,,,,
IBRD only,IBD,HFC gas emissions (thousand metric tons of CO2 equivalent),EN.ATM.HFCG.KT.CE,,,,,,,,,,,,,,,,,,,,,,,,,,,,,,,,,,,,,,,,,,,,,,,,,,,307239.06,,,,,,,
IDA & IBRD total,IBT,HFC gas emissions (thousand metric tons of CO2 equivalent),EN.ATM.HFCG.KT.CE,,,,,,,,,,,,,,,,,,,,,,,,,,,,,,,,,,,,,,,,,,,,,,,,,,,322663.35,,,,,,,
IDA total,IDA,HFC gas emissions (thousand metric tons of CO2 equivalent),EN.ATM.HFCG.KT.CE,,,,,,,,,,,,,,,,,,,,,,,,,,,,,,,,,,,,,,,,,,,,,,,,,,,,,,,,,,
IDA blend,IDB,HFC gas emissions (thousand metric tons of CO2 equivalent),EN.ATM.HFCG.KT.CE,,,,,,,,,,,,,,,,,,,,,,,,,,,,,,,,,,,,,,,,,,,,,,,,,,,,,,,,,,
Indonesia,IDN,HFC gas emissions (thousand metric tons of CO2 equivalent),EN.ATM.HFCG.KT.CE,,,,,,,,,,,,,,,,,,,,,,,,,,,,,,,0.00,,,,,,,,,,0.00,,,,,0.00,,,0.00,,0.00,,,,,,,
IDA only,IDX,HFC gas emissions (thousand metric tons of CO2 equivalent),EN.ATM.HFCG.KT.CE,,,,,,,,,,,,,,,,,,,,,,,,,,,,,,,,,,,,,,,,,,,,,,,,,,,,,,,,,,
Isle of Man,IMN,HFC gas emissions (thousand metric tons of CO2 equivalent),EN.ATM.HFCG.KT.CE,,,,,,,,,,,,,,,,,,,,,,,,,,,,,,,,,,,,,,,,,,,,,,,,,,,,,,,,,,
India,IND,HFC gas emissions (thousand metric tons of CO2 equivalent),EN.ATM.HFCG.KT.CE,,,,,,,,,,,,,,,,,,,,,,,,,,,,,,,1702.10,,,,,,,,,,8107.20,,,,,9845.20,,,13553.70,,13425.00,,,,,,,
Not classified,INX,HFC gas emissions (thousand metric tons of CO2 equivalent),EN.ATM.HFCG.KT.CE,,,,,,,,,,,,,,,,,,,,,,,,,,,,,,,,,,,,,,,,,,,,,,,,,,,,,,,,,,
Ireland,IRL,HFC gas emissions (thousand metric tons of CO2 equivalent),EN.ATM.HFCG.KT.CE,,,,,,,,,,,,,,,,,,,,,,,,,,,,,,,1.20,,,,,,,,,,416.30,,,,,859.70,,,1152.60,,1192.00,,,,,,,
"Iran, Islamic Rep.",IRN,HFC gas emissions (thousand metric tons of CO2 equivalent),EN.ATM.HFCG.KT.CE,,,,,,,,,,,,,,,,,,,,,,,,,,,,,,,0.00,,,,,,,,,,0.00,,,,,0.00,,,0.00,,0.00,,,,,,,
Iraq,IRQ,HFC gas emissions (thousand metric tons of CO2 equivalent),EN.ATM.HFCG.KT.CE,,,,,,,,,,,,,,,,,,,,,,,,,,,,,,,0.00,,,,,,,,,,0.00,,,,,0.00,,,0.00,,0.00,,,,,,,
Iceland,ISL,HFC gas emissions (thousand metric tons of CO2 equivalent),EN.ATM.HFCG.KT.CE,,,,,,,,,,,,,,,,,,,,,,,,,,,,,,,0.00,,,,,,,,,,22.30,,,,,46.60,,,61.80,,81.00,,,,,,,
Israel,ISR,HFC gas emissions (thousand metric tons of CO2 equivalent),EN.ATM.HFCG.KT.CE,,,,,,,,,,,,,,,,,,,,,,,,,,,,,,,4.60,,,,,,,,,,691.90,,,,,1305.00,,,1687.80,,1967.00,,,,,,,
Italy,ITA,HFC gas emissions (thousand metric tons of CO2 equivalent),EN.ATM.HFCG.KT.CE,,,,,,,,,,,,,,,,,,,,,,,,,,,,,,,1972.20,,,,,,,,,,7099.50,,,,,9114.50,,,11924.50,,14097.00,,,,,,,
Jamaica,JAM,HFC gas emissions (thousand metric tons of CO2 equivalent),EN.ATM.HFCG.KT.CE,,,,,,,,,,,,,,,,,,,,,,,,,,,,,,,0.00,,,,,,,,,,17.80,,,,,50.30,,,70.30,,84.00,,,,,,,
Jordan,JOR,HFC gas emissions (thousand metric tons of CO2 equivalent),EN.ATM.HFCG.KT.CE,,,,,,,,,,,,,,,,,,,,,,,,,,,,,,,0.00,,,,,,,,,,19.70,,,,,110.30,,,158.80,,193.00,,,,,,,
Japan,JPN,HFC gas emissions (thousand metric tons of CO2 equivalent),EN.ATM.HFCG.KT.CE,,,,,,,,,,,,,,,,,,,,,,,,,,,,,,,9154.30,,,,,,,,,,34139.80,,,,,40768.50,,,52871.90,,60318.00,,,,,,,
Kazakhstan,KAZ,HFC gas emissions (thousand metric tons of CO2 equivalent),EN.ATM.HFCG.KT.CE,,,,,,,,,,,,,,,,,,,,,,,,,,,,,,,0.00,,,,,,,,,,57.50,,,,,336.70,,,482.90,,584.00,,,,,,,
Kenya,KEN,HFC gas emissions (thousand metric tons of CO2 equivalent),EN.ATM.HFCG.KT.CE,,,,,,,,,,,,,,,,,,,,,,,,,,,,,,,0.00,,,,,,,,,,0.00,,,,,0.00,,,0.00,,0.00,,,,,,,
Kyrgyz Republic,KGZ,HFC gas emissions (thousand metric tons of CO2 equivalent),EN.ATM.HFCG.KT.CE,,,,,,,,,,,,,,,,,,,,,,,,,,,,,,,0.00,,,,,,,,,,7.90,,,,,24.00,,,34.80,,42.00,,,,,,,
Cambodia,KHM,HFC gas emissions (thousand metric tons of CO2 equivalent),EN.ATM.HFCG.KT.CE,,,,,,,,,,,,,,,,,,,,,,,,,,,,,,,0.00,,,,,,,,,,0.00,,,,,0.00,,,0.00,,0.00,,,,,,,
Kiribati,KIR,HFC gas emissions (thousand metric tons of CO2 equivalent),EN.ATM.HFCG.KT.CE,,,,,,,,,,,,,,,,,,,,,,,,,,,,,,,,,,,,,,,,,,,,,,,,,,,,,,,,,,
St. Kitts and Nevis,KNA,HFC gas emissions (thousand metric tons of CO2 equivalent),EN.ATM.HFCG.KT.CE,,,,,,,,,,,,,,,,,,,,,,,,,,,,,,,,,,,,,,,,,,,,,,,,,,,,,,,,,,
"Korea, Rep.",KOR,HFC gas emissions (thousand metric tons of CO2 equivalent),EN.ATM.HFCG.KT.CE,,,,,,,,,,,,,,,,,,,,,,,,,,,,,,,1901.70,,,,,,,,,,8371.90,,,,,4933.90,,,2511.20,,2844.00,,,,,,,
Kuwait,KWT,HFC gas emissions (thousand metric tons of CO2 equivalent),EN.ATM.HFCG.KT.CE,,,,,,,,,,,,,,,,,,,,,,,,,,,,,,,0.10,,,,,,,,,,147.30,,,,,539.60,,,779.00,,948.00,,,,,,,
Latin America & Caribbean (excluding high income),LAC,HFC gas emissions (thousand metric tons of CO2 equivalent),EN.ATM.HFCG.KT.CE,,,,,,,,,,,,,,,,,,,,,,,,,,,,,,,,,,,,,,,,,,,,,,,,,,,17788.95,,,,,,,
Lao PDR,LAO,HFC gas emissions (thousand metric tons of CO2 equivalent),EN.ATM.HFCG.KT.CE,,,,,,,,,,,,,,,,,,,,,,,,,,,,,,,,,,,,,,,,,,,,,,,,,,,,,,,,,,
Lebanon,LBN,HFC gas emissions (thousand metric tons of CO2 equivalent),EN.ATM.HFCG.KT.CE,,,,,,,,,,,,,,,,,,,,,,,,,,,,,,,0.00,,,,,,,,,,0.00,,,,,0.00,,,0.00,,0.00,,,,,,,
Liberia,LBR,HFC gas emissions (thousand metric tons of CO2 equivalent),EN.ATM.HFCG.KT.CE,,,,,,,,,,,,,,,,,,,,,,,,,,,,,,,,,,,,,,,,,,,,,,,,,,,,,,,,,,
Libya,LBY,HFC gas emissions (thousand metric tons of CO2 equivalent),EN.ATM.HFCG.KT.CE,,,,,,,,,,,,,,,,,,,,,,,,,,,,,,,0.00,,,,,,,,,,0.00,,,,,0.00,,,0.00,,0.00,,,,,,,
St. Lucia,LCA,HFC gas emissions (thousand metric tons of CO2 equivalent),EN.ATM.HFCG.KT.CE,,,,,,,,,,,,,,,,,,,,,,,,,,,,,,,,,,,,,,,,,,,,,,,,,,,,,,,,,,
Latin America & Caribbean,LCN,HFC gas emissions (thousand metric tons of CO2 equivalent),EN.ATM.HFCG.KT.CE,,,,,,,,,,,,,,,,,,,,,,,,,,,,,,,,,,,,,,,,,,,,,,,,,,,19038.87,,,,,,,
Least developed countries: UN classification,LDC,HFC gas emissions (thousand metric tons of CO2 equivalent),EN.ATM.HFCG.KT.CE,,,,,,,,,,,,,,,,,,,,,,,,,,,,,,,,,,,,,,,,,,,,,,,,,,,,,,,,,,
Low income,LIC,HFC gas emissions (thousand metric tons of CO2 equivalent),EN.ATM.HFCG.KT.CE,,,,,,,,,,,,,,,,,,,,,,,,,,,,,,,,,,,,,,,,,,,,,,,,,,,,,,,,,,
Liechtenstein,LIE,HFC gas emissions (thousand metric tons of CO2 equivalent),EN.ATM.HFCG.KT.CE,,,,,,,,,,,,,,,,,,,,,,,,,,,,,,,,,,,,,,,,,,,,,,,,,,,,,,,,,,
Sri Lanka,LKA,HFC gas emissions (thousand metric tons of CO2 equivalent),EN.ATM.HFCG.KT.CE,,,,,,,,,,,,,,,,,,,,,,,,,,,,,,,0.00,,,,,,,,,,0.00,,,,,0.00,,,0.00,,0.00,,,,,,,
Lower middle income,LMC,HFC gas emissions (thousand metric tons of CO2 equivalent),EN.ATM.HFCG.KT.CE,,,,,,,,,,,,,,,,,,,,,,,,,,,,,,,,,,,,,,,,,,,,,,,,,,,,,,,,,,
Low & middle income,LMY,HFC gas emissions (thousand metric tons of CO2 equivalent),EN.ATM.HFCG.KT.CE,,,,,,,,,,,,,,,,,,,,,,,,,,,,,,,,,,,,,,,,,,,,,,,,,,,324024.59,,,,,,,
Lesotho,LSO,HFC gas emissions (thousand metric tons of CO2 equivalent),EN.ATM.HFCG.KT.CE,,,,,,,,,,,,,,,,,,,,,,,,,,,,,,,,,,,,,,,,,,,,,,,,,,,,,,,,,,
Late-demographic dividend,LTE,HFC gas emissions (thousand metric tons of CO2 equivalent),EN.ATM.HFCG.KT.CE,,,,,,,,,,,,,,,,,,,,,,,,,,,,,,,,,,,,,,,,,,,,,,,,,,,271724.65,,,,,,,
Lithuania,LTU,HFC gas emissions (thousand metric tons of CO2 equivalent),EN.ATM.HFCG.KT.CE,,,,,,,,,,,,,,,,,,,,,,,,,,,,,,,0.10,,,,,,,,,,164.50,,,,,642.10,,,915.70,,1293.00,,,,,,,
Luxembourg,LUX,HFC gas emissions (thousand metric tons of CO2 equivalent),EN.ATM.HFCG.KT.CE,,,,,,,,,,,,,,,,,,,,,,,,,,,,,,,0.10,,,,,,,,,,51.10,,,,,99.50,,,131.20,,145.00,,,,,,,
Latvia,LVA,HFC gas emissions (thousand metric tons of CO2 equivalent),EN.ATM.HFCG.KT.CE,,,,,,,,,,,,,,,,,,,,,,,,,,,,,,,0.10,,,,,,,,,,190.00,,,,,876.60,,,1233.10,,1345.00,,,,,,,
"Macao SAR, China",MAC,HFC gas emissions (thousand metric tons of CO2 equivalent),EN.ATM.HFCG.KT.CE,,,,,,,,,,,,,,,,,,,,,,,,,,,,,,,,,,,,,,,,,,,,,,,,,,,,,,,,,,
St. Martin (French part),MAF,HFC gas emissions (thousand metric tons of CO2 equivalent),EN.ATM.HFCG.KT.CE,,,,,,,,,,,,,,,,,,,,,,,,,,,,,,,,,,,,,,,,,,,,,,,,,,,,,,,,,,
Morocco,MAR,HFC gas emissions (thousand metric tons of CO2 equivalent),EN.ATM.HFCG.KT.CE,,,,,,,,,,,,,,,,,,,,,,,,,,,,,,,0.00,,,,,,,,,,0.00,,,,,0.00,,,0.00,,0.00,,,,,,,
Monaco,MCO,HFC gas emissions (thousand metric tons of CO2 equivalent),EN.ATM.HFCG.KT.CE,,,,,,,,,,,,,,,,,,,,,,,,,,,,,,,,,,,,,,,,,,,,,,,,,,,,,,,,,,
Moldova,MDA,HFC gas emissions (thousand metric tons of CO2 equivalent),EN.ATM.HFCG.KT.CE,,,,,,,,,,,,,,,,,,,,,,,,,,,,,,,0.00,,,,,,,,,,1.90,,,,,8.00,,,11.30,,14.00,,,,,,,
Madagascar,MDG,HFC gas emissions (thousand metric tons of CO2 equivalent),EN.ATM.HFCG.KT.CE,,,,,,,,,,,,,,,,,,,,,,,,,,,,,,,,,,,,,,,,,,,,,,,,,,,,,,,,,,
Maldives,MDV,HFC gas emissions (thousand metric tons of CO2 equivalent),EN.ATM.HFCG.KT.CE,,,,,,,,,,,,,,,,,,,,,,,,,,,,,,,,,,,,,,,,,,,,,,,,,,,,,,,,,,
Middle East & North Africa,MEA,HFC gas emissions (thousand metric tons of CO2 equivalent),EN.ATM.HFCG.KT.CE,,,,,,,,,,,,,,,,,,,,,,,,,,,,,,,,,,,,,,,,,,,,,,,,,,,,,,,,,,
Mexico,MEX,HFC gas emissions (thousand metric tons of CO2 equivalent),EN.ATM.HFCG.KT.CE,,,,,,,,,,,,,,,,,,,,,,,,,,,,,,,1595.30,,,,,,,,,,3347.30,,,,,7058.90,,,8796.90,,8485.00,,,,,,,
Marshall Islands,MHL,HFC gas emissions (thousand metric tons of CO2 equivalent),EN.ATM.HFCG.KT.CE,,,,,,,,,,,,,,,,,,,,,,,,,,,,,,,,,,,,,,,,,,,,,,,,,,,,,,,,,,
Middle income,MIC,HFC gas emissions (thousand metric tons of CO2 equivalent),EN.ATM.HFCG.KT.CE,,,,,,,,,,,,,,,,,,,,,,,,,,,,,,,,,,,,,,,,,,,,,,,,,,,315132.33,,,,,,,
"Macedonia, FYR",MKD,HFC gas emissions (thousand metric tons of CO2 equivalent),EN.ATM.HFCG.KT.CE,,,,,,,,,,,,,,,,,,,,,,,,,,,,,,,0.00,,,,,,,,,,51.80,,,,,119.10,,,157.60,,185.00,,,,,,,
Mali,MLI,HFC gas emissions (thousand metric tons of CO2 equivalent),EN.ATM.HFCG.KT.CE,,,,,,,,,,,,,,,,,,,,,,,,,,,,,,,,,,,,,,,,,,,,,,,,,,,,,,,,,,
Malta,MLT,HFC gas emissions (thousand metric tons of CO2 equivalent),EN.ATM.HFCG.KT.CE,,,,,,,,,,,,,,,,,,,,,,,,,,,,,,,0.00,,,,,,,,,,50.00,,,,,114.20,,,153.20,,173.00,,,,,,,
Myanmar,MMR,HFC gas emissions (thousand metric tons of CO2 equivalent),EN.ATM.HFCG.KT.CE,,,,,,,,,,,,,,,,,,,,,,,,,,,,,,,0.00,,,,,,,,,,0.00,,,,,0.00,,,0.00,,0.00,,,,,,,
Middle East & North Africa (excluding high income),MNA,HFC gas emissions (thousand metric tons of CO2 equivalent),EN.ATM.HFCG.KT.CE,,,,,,,,,,,,,,,,,,,,,,,,,,,,,,,,,,,,,,,,,,,,,,,,,,,,,,,,,,
Montenegro,MNE,HFC gas emissions (thousand metric tons of CO2 equivalent),EN.ATM.HFCG.KT.CE,,,,,,,,,,,,,,,,,,,,,,,,,,,,,,,,,,,,,,,,,,,,,,,,,,,0.00,,,,,,,
Mongolia,MNG,HFC gas emissions (thousand metric tons of CO2 equivalent),EN.ATM.HFCG.KT.CE,,,,,,,,,,,,,,,,,,,,,,,,,,,,,,,0.00,,,,,,,,,,0.00,,,,,0.00,,,0.00,,0.00,,,,,,,
Northern Mariana Islands,MNP,HFC gas emissions (thousand metric tons of CO2 equivalent),EN.ATM.HFCG.KT.CE,,,,,,,,,,,,,,,,,,,,,,,,,,,,,,,,,,,,,,,,,,,,,,,,,,,,,,,,,,
Mozambique,MOZ,HFC gas emissions (thousand metric tons of CO2 equivalent),EN.ATM.HFCG.KT.CE,,,,,,,,,,,,,,,,,,,,,,,,,,,,,,,0.00,,,,,,,,,,18.80,,,,,75.20,,,107.90,,131.00,,,,,,,
Mauritania,MRT,HFC gas emissions (thousand metric tons of CO2 equivalent),EN.ATM.HFCG.KT.CE,,,,,,,,,,,,,,,,,,,,,,,,,,,,,,,,,,,,,,,,,,,,,,,,,,,,,,,,,,
Mauritius,MUS,HFC gas emissions (thousand metric tons of CO2 equivalent),EN.ATM.HFCG.KT.CE,,,,,,,,,,,,,,,,,,,,,,,,,,,,,,,,,,,,,,,,,,,,,,,,,,,,,,,,,,
Malawi,MWI,HFC gas emissions (thousand metric tons of CO2 equivalent),EN.ATM.HFCG.KT.CE,,,,,,,,,,,,,,,,,,,,,,,,,,,,,,,,,,,,,,,,,,,,,,,,,,,,,,,,,,
Malaysia,MYS,HFC gas emissions (thousand metric tons of CO2 equivalent),EN.ATM.HFCG.KT.CE,,,,,,,,,,,,,,,,,,,,,,,,,,,,,,,0.10,,,,,,,,,,6.90,,,,,26.10,,,39.20,,48.00,,,,,,,
North America,NAC,HFC gas emissions (thousand metric tons of CO2 equivalent),EN.ATM.HFCG.KT.CE,,,,,,,,,,,,,,,,,,,,,,,,,,,,,,,,,,,,,,,,,,,,,,,,,,,322612.26,,,,,,,
Namibia,NAM,HFC gas emissions (thousand metric tons of CO2 equivalent),EN.ATM.HFCG.KT.CE,,,,,,,,,,,,,,,,,,,,,,,,,,,,,,,0.00,,,,,,,,,,0.00,,,,,0.00,,,0.00,,0.00,,,,,,,
New Caledonia,NCL,HFC gas emissions (thousand metric tons of CO2 equivalent),EN.ATM.HFCG.KT.CE,,,,,,,,,,,,,,,,,,,,,,,,,,,,,,,,,,,,,,,,,,,,,,,,,,,,,,,,,,
Niger,NER,HFC gas emissions (thousand metric tons of CO2 equivalent),EN.ATM.HFCG.KT.CE,,,,,,,,,,,,,,,,,,,,,,,,,,,,,,,,,,,,,,,,,,,,,,,,,,,,,,,,,,
Nigeria,NGA,HFC gas emissions (thousand metric tons of CO2 equivalent),EN.ATM.HFCG.KT.CE,,,,,,,,,,,,,,,,,,,,,,,,,,,,,,,0.00,,,,,,,,,,88.10,,,,,339.10,,,476.90,,574.00,,,,,,,
Nicaragua,NIC,HFC gas emissions (thousand metric tons of CO2 equivalent),EN.ATM.HFCG.KT.CE,,,,,,,,,,,,,,,,,,,,,,,,,,,,,,,0.00,,,,,,,,,,0.00,,,,,0.00,,,0.00,,0.00,,,,,,,
Netherlands,NLD,HFC gas emissions (thousand metric tons of CO2 equivalent),EN.ATM.HFCG.KT.CE,,,,,,,,,,,,,,,,,,,,,,,,,,,,,,,2792.90,,,,,,,,,,6200.40,,,,,3119.50,,,3988.80,,4612.00,,,,,,,
Norway,NOR,HFC gas emissions (thousand metric tons of CO2 equivalent),EN.ATM.HFCG.KT.CE,,,,,,,,,,,,,,,,,,,,,,,,,,,,,,,0.00,,,,,,,,,,162.30,,,,,319.00,,,422.00,,465.00,,,,,,,
Nepal,NPL,HFC gas emissions (thousand metric tons of CO2 equivalent),EN.ATM.HFCG.KT.CE,,,,,,,,,,,,,,,,,,,,,,,,,,,,,,,0.00,,,,,,,,,,0.00,,,,,0.00,,,0.00,,0.00,,,,,,,
Nauru,NRU,HFC gas emissions (thousand metric tons of CO2 equivalent),EN.ATM.HFCG.KT.CE,,,,,,,,,,,,,,,,,,,,,,,,,,,,,,,,,,,,,,,,,,,,,,,,,,,,,,,,,,
New Zealand,NZL,HFC gas emissions (thousand metric tons of CO2 equivalent),EN.ATM.HFCG.KT.CE,,,,,,,,,,,,,,,,,,,,,,,,,,,,,,,0.20,,,,,,,,,,347.30,,,,,721.70,,,971.40,,1202.00,,,,,,,
OECD members,OED,HFC gas emissions (thousand metric tons of CO2 equivalent),EN.ATM.HFCG.KT.CE,,,,,,,,,,,,,,,,,,,,,,,,,,,,,,,,,,,,,,,,,,,,,,,,,,,519964.07,,,,,,,
Oman,OMN,HFC gas emissions (thousand metric tons of CO2 equivalent),EN.ATM.HFCG.KT.CE,,,,,,,,,,,,,,,,,,,,,,,,,,,,,,,0.00,,,,,,,,,,8.60,,,,,173.60,,,266.90,,332.00,,,,,,,
Other small states,OSS,HFC gas emissions (thousand metric tons of CO2 equivalent),EN.ATM.HFCG.KT.CE,,,,,,,,,,,,,,,,,,,,,,,,,,,,,,,,,,,,,,,,,,,,,,,,,,,,,,,,,,
Pakistan,PAK,HFC gas emissions (thousand metric tons of CO2 equivalent),EN.ATM.HFCG.KT.CE,,,,,,,,,,,,,,,,,,,,,,,,,,,,,,,0.00,,,,,,,,,,0.00,,,,,0.00,,,0.00,,0.00,,,,,,,
Panama,PAN,HFC gas emissions (thousand metric tons of CO2 equivalent),EN.ATM.HFCG.KT.CE,,,,,,,,,,,,,,,,,,,,,,,,,,,,,,,0.00,,,,,,,,,,0.00,,,,,0.00,,,0.00,,0.00,,,,,,,
Peru,PER,HFC gas emissions (thousand metric tons of CO2 equivalent),EN.ATM.HFCG.KT.CE,,,,,,,,,,,,,,,,,,,,,,,,,,,,,,,0.00,,,,,,,,,,103.10,,,,,327.60,,,452.00,,539.00,,,,,,,
Philippines,PHL,HFC gas emissions (thousand metric tons of CO2 equivalent),EN.ATM.HFCG.KT.CE,,,,,,,,,,,,,,,,,,,,,,,,,,,,,,,0.00,,,,,,,,,,0.00,,,,,0.00,,,0.00,,0.00,,,,,,,
Palau,PLW,HFC gas emissions (thousand metric tons of CO2 equivalent),EN.ATM.HFCG.KT.CE,,,,,,,,,,,,,,,,,,,,,,,,,,,,,,,,,,,,,,,,,,,,,,,,,,,,,,,,,,
Papua New Guinea,PNG,HFC gas emissions (thousand metric tons of CO2 equivalent),EN.ATM.HFCG.KT.CE,,,,,,,,,,,,,,,,,,,,,,,,,,,,,,,,,,,,,,,,,,,,,,,,,,,,,,,,,,
Poland,POL,HFC gas emissions (thousand metric tons of CO2 equivalent),EN.ATM.HFCG.KT.CE,,,,,,,,,,,,,,,,,,,,,,,,,,,,,,,0.10,,,,,,,,,,667.20,,,,,1736.70,,,2378.00,,2036.00,,,,,,,
Pre-demographic dividend,PRE,HFC gas emissions (thousand metric tons of CO2 equivalent),EN.ATM.HFCG.KT.CE,,,,,,,,,,,,,,,,,,,,,,,,,,,,,,,,,,,,,,,,,,,,,,,,,,,,,,,,,,
Puerto Rico,PRI,HFC gas emissions (thousand metric tons of CO2 equivalent),EN.ATM.HFCG.KT.CE,,,,,,,,,,,,,,,,,,,,,,,,,,,,,,,,,,,,,,,,,,,,,,,,,,,,,,,,,,
"Korea, Dem. People’s Rep.",PRK,HFC gas emissions (thousand metric tons of CO2 equivalent),EN.ATM.HFCG.KT.CE,,,,,,,,,,,,,,,,,,,,,,,,,,,,,,,0.20,,,,,,,,,,1760.10,,,,,2787.10,,,3693.80,,4236.00,,,,,,,
Portugal,PRT,HFC gas emissions (thousand metric tons of CO2 equivalent),EN.ATM.HFCG.KT.CE,,,,,,,,,,,,,,,,,,,,,,,,,,,,,,,0.20,,,,,,,,,,352.70,,,,,647.70,,,854.40,,1052.00,,,,,,,
Paraguay,PRY,HFC gas emissions (thousand metric tons of CO2 equivalent),EN.ATM.HFCG.KT.CE,,,,,,,,,,,,,,,,,,,,,,,,,,,,,,,0.00,,,,,,,,,,0.00,,,,,0.00,,,0.00,,0.00,,,,,,,
West Bank and Gaza,PSE,HFC gas emissions (thousand metric tons of CO2 equivalent),EN.ATM.HFCG.KT.CE,,,,,,,,,,,,,,,,,,,,,,,,,,,,,,,,,,,,,,,,,,,,,,,,,,,,,,,,,,
Pacific island small states,PSS,HFC gas emissions (thousand metric tons of CO2 equivalent),EN.ATM.HFCG.KT.CE,,,,,,,,,,,,,,,,,,,,,,,,,,,,,,,,,,,,,,,,,,,,,,,,,,,,,,,,,,
Post-demographic dividend,PST,HFC gas emissions (thousand metric tons of CO2 equivalent),EN.ATM.HFCG.KT.CE,,,,,,,,,,,,,,,,,,,,,,,,,,,,,,,,,,,,,,,,,,,,,,,,,,,505932.95,,,,,,,
French Polynesia,PYF,HFC gas emissions (thousand metric tons of CO2 equivalent),EN.ATM.HFCG.KT.CE,,,,,,,,,,,,,,,,,,,,,,,,,,,,,,,,,,,,,,,,,,,,,,,,,,,,,,,,,,
Qatar,QAT,HFC gas emissions (thousand metric tons of CO2 equivalent),EN.ATM.HFCG.KT.CE,,,,,,,,,,,,,,,,,,,,,,,,,,,,,,,0.00,,,,,,,,,,0.00,,,,,0.00,,,0.00,,0.00,,,,,,,
Romania,ROU,HFC gas emissions (thousand metric tons of CO2 equivalent),EN.ATM.HFCG.KT.CE,,,,,,,,,,,,,,,,,,,,,,,,,,,,,,,0.00,,,,,,,,,,118.20,,,,,418.80,,,596.40,,758.00,,,,,,,
Russian Federation,RUS,HFC gas emissions (thousand metric tons of CO2 equivalent),EN.ATM.HFCG.KT.CE,,,,,,,,,,,,,,,,,,,,,,,,,,,,,,,5035.60,,,,,,,,,,16788.70,,,,,24231.30,,,28623.50,,26909.00,,,,,,,
Rwanda,RWA,HFC gas emissions (thousand metric tons of CO2 equivalent),EN.ATM.HFCG.KT.CE,,,,,,,,,,,,,,,,,,,,,,,,,,,,,,,,,,,,,,,,,,,,,,,,,,,,,,,,,,
South Asia,SAS,HFC gas emissions (thousand metric tons of CO2 equivalent),EN.ATM.HFCG.KT.CE,,,,,,,,,,,,,,,,,,,,,,,,,,,,,,,,,,,,,,,,,,,,,,,,,,,16736.12,,,,,,,
Saudi Arabia,SAU,HFC gas emissions (thousand metric tons of CO2 equivalent),EN.ATM.HFCG.KT.CE,,,,,,,,,,,,,,,,,,,,,,,,,,,,,,,0.10,,,,,,,,,,75.50,,,,,196.90,,,266.50,,316.00,,,,,,,
Sudan,SDN,HFC gas emissions (thousand metric tons of CO2 equivalent),EN.ATM.HFCG.KT.CE,,,,,,,,,,,,,,,,,,,,,,,,,,,,,,,0.00,,,,,,,,,,0.00,,,,,0.00,,,0.00,,0.00,,,,,,,
Senegal,SEN,HFC gas emissions (thousand metric tons of CO2 equivalent),EN.ATM.HFCG.KT.CE,,,,,,,,,,,,,,,,,,,,,,,,,,,,,,,0.00,,,,,,,,,,0.00,,,,,0.00,,,0.00,,0.00,,,,,,,
Singapore,SGP,HFC gas emissions (thousand metric tons of CO2 equivalent),EN.ATM.HFCG.KT.CE,,,,,,,,,,,,,,,,,,,,,,,,,,,,,,,12.60,,,,,,,,,,728.90,,,,,1429.70,,,1876.40,,2207.00,,,,,,,
Solomon Islands,SLB,HFC gas emissions (thousand metric tons of CO2 equivalent),EN.ATM.HFCG.KT.CE,,,,,,,,,,,,,,,,,,,,,,,,,,,,,,,,,,,,,,,,,,,,,,,,,,,,,,,,,,
Sierra Leone,SLE,HFC gas emissions (thousand metric tons of CO2 equivalent),EN.ATM.HFCG.KT.CE,,,,,,,,,,,,,,,,,,,,,,,,,,,,,,,,,,,,,,,,,,,,,,,,,,,,,,,,,,
El Salvador,SLV,HFC gas emissions (thousand metric tons of CO2 equivalent),EN.ATM.HFCG.KT.CE,,,,,,,,,,,,,,,,,,,,,,,,,,,,,,,0.00,,,,,,,,,,41.40,,,,,76.40,,,99.60,,116.00,,,,,,,
San Marino,SMR,HFC gas emissions (thousand metric tons of CO2 equivalent),EN.ATM.HFCG.KT.CE,,,,,,,,,,,,,,,,,,,,,,,,,,,,,,,,,,,,,,,,,,,,,,,,,,,,,,,,,,
Somalia,SOM,HFC gas emissions (thousand metric tons of CO2 equivalent),EN.ATM.HFCG.KT.CE,,,,,,,,,,,,,,,,,,,,,,,,,,,,,,,,,,,,,,,,,,,,,,,,,,,,,,,,,,
Serbia,SRB,HFC gas emissions (thousand metric tons of CO2 equivalent),EN.ATM.HFCG.KT.CE,,,,,,,,,,,,,,,,,,,,,,,,,,,,,,,0.50,,,,,,,,,,1662.00,,,,,4293.80,,,5979.00,,7204.00,,,,,,,
Sub-Saharan Africa (excluding high income),SSA,HFC gas emissions (thousand metric tons of CO2 equivalent),EN.ATM.HFCG.KT.CE,,,,,,,,,,,,,,,,,,,,,,,,,,,,,,,,,,,,,,,,,,,,,,,,,,,,,,,,,,
South Sudan,SSD,HFC gas emissions (thousand metric tons of CO2 equivalent),EN.ATM.HFCG.KT.CE,,,,,,,,,,,,,,,,,,,,,,,,,,,,,,,,,,,,,,,,,,,,,,,,,,,,,,,,,,
Sub-Saharan Africa,SSF,HFC gas emissions (thousand metric tons of CO2 equivalent),EN.ATM.HFCG.KT.CE,,,,,,,,,,,,,,,,,,,,,,,,,,,,,,,,,,,,,,,,,,,,,,,,,,,,,,,,,,
Small states,SST,HFC gas emissions (thousand metric tons of CO2 equivalent),EN.ATM.HFCG.KT.CE,,,,,,,,,,,,,,,,,,,,,,,,,,,,,,,,,,,,,,,,,,,,,,,,,,,,,,,,,,
Sao Tome and Principe,STP,HFC gas emissions (thousand metric tons of CO2 equivalent),EN.ATM.HFCG.KT.CE,,,,,,,,,,,,,,,,,,,,,,,,,,,,,,,,,,,,,,,,,,,,,,,,,,,,,,,,,,
Suriname,SUR,HFC gas emissions (thousand metric tons of CO2 equivalent),EN.ATM.HFCG.KT.CE,,,,,,,,,,,,,,,,,,,,,,,,,,,,,,,,,,,,,,,,,,,,,,,,,,,,,,,,,,
Slovak Republic,SVK,HFC gas emissions (thousand metric tons of CO2 equivalent),EN.ATM.HFCG.KT.CE,,,,,,,,,,,,,,,,,,,,,,,,,,,,,,,0.00,,,,,,,,,,109.30,,,,,319.70,,,442.30,,1522.00,,,,,,,
Slovenia,SVN,HFC gas emissions (thousand metric tons of CO2 equivalent),EN.ATM.HFCG.KT.CE,,,,,,,,,,,,,,,,,,,,,,,,,,,,,,,0.00,,,,,,,,,,144.10,,,,,356.40,,,486.00,,539.00,,,,,,,
Sweden,SWE,HFC gas emissions (thousand metric tons of CO2 equivalent),EN.ATM.HFCG.KT.CE,,,,,,,,,,,,,,,,,,,,,,,,,,,,,,,0.20,,,,,,,,,,568.80,,,,,1131.90,,,1498.00,,1593.00,,,,,,,
Swaziland,SWZ,HFC gas emissions (thousand metric tons of CO2 equivalent),EN.ATM.HFCG.KT.CE,,,,,,,,,,,,,,,,,,,,,,,,,,,,,,,,,,,,,,,,,,,,,,,,,,,,,,,,,,
Sint Maarten (Dutch part),SXM,HFC gas emissions (thousand metric tons of CO2 equivalent),EN.ATM.HFCG.KT.CE,,,,,,,,,,,,,,,,,,,,,,,,,,,,,,,,,,,,,,,,,,,,,,,,,,,,,,,,,,
Seychelles,SYC,HFC gas emissions (thousand metric tons of CO2 equivalent),EN.ATM.HFCG.KT.CE,,,,,,,,,,,,,,,,,,,,,,,,,,,,,,,,,,,,,,,,,,,,,,,,,,,,,,,,,,
Syrian Arab Republic,SYR,HFC gas emissions (thousand metric tons of CO2 equivalent),EN.ATM.HFCG.KT.CE,,,,,,,,,,,,,,,,,,,,,,,,,,,,,,,0.00,,,,,,,,,,0.00,,,,,0.00,,,0.00,,0.00,,,,,,,
Turks and Caicos Islands,TCA,HFC gas emissions (thousand metric tons of CO2 equivalent),EN.ATM.HFCG.KT.CE,,,,,,,,,,,,,,,,,,,,,,,,,,,,,,,,,,,,,,,,,,,,,,,,,,,,,,,,,,
Chad,TCD,HFC gas emissions (thousand metric tons of CO2 equivalent),EN.ATM.HFCG.KT.CE,,,,,,,,,,,,,,,,,,,,,,,,,,,,,,,,,,,,,,,,,,,,,,,,,,,,,,,,,,
East Asia & Pacific (IDA & IBRD countries),TEA,HFC gas emissions (thousand metric tons of CO2 equivalent),EN.ATM.HFCG.KT.CE,,,,,,,,,,,,,,,,,,,,,,,,,,,,,,,,,,,,,,,,,,,,,,,,,,,226278.40,,,,,,,
Europe & Central Asia (IDA & IBRD countries),TEC,HFC gas emissions (thousand metric tons of CO2 equivalent),EN.ATM.HFCG.KT.CE,,,,,,,,,,,,,,,,,,,,,,,,,,,,,,,,,,,,,,,,,,,,,,,,,,,46916.94,,,,,,,
Togo,TGO,HFC gas emissions (thousand metric tons of CO2 equivalent),EN.ATM.HFCG.KT.CE,,,,,,,,,,,,,,,,,,,,,,,,,,,,,,,0.00,,,,,,,,,,0.00,,,,,0.00,,,0.00,,0.00,,,,,,,
Thailand,THA,HFC gas emissions (thousand metric tons of CO2 equivalent),EN.ATM.HFCG.KT.CE,,,,,,,,,,,,,,,,,,,,,,,,,,,,,,,0.00,,,,,,,,,,0.00,,,,,0.00,,,0.00,,0.00,,,,,,,
Tajikistan,TJK,HFC gas emissions (thousand metric tons of CO2 equivalent),EN.ATM.HFCG.KT.CE,,,,,,,,,,,,,,,,,,,,,,,,,,,,,,,0.00,,,,,,,,,,2.50,,,,,11.90,,,17.20,,21.00,,,,,,,
Turkmenistan,TKM,HFC gas emissions (thousand metric tons of CO2 equivalent),EN.ATM.HFCG.KT.CE,,,,,,,,,,,,,,,,,,,,,,,,,,,,,,,0.00,,,,,,,,,,10.90,,,,,72.90,,,112.20,,139.00,,,,,,,
Latin America & the Caribbean (IDA & IBRD countries),TLA,HFC gas emissions (thousand metric tons of CO2 equivalent),EN.ATM.HFCG.KT.CE,,,,,,,,,,,,,,,,,,,,,,,,,,,,,,,,,,,,,,,,,,,,,,,,,,,18458.51,,,,,,,
Timor-Leste,TLS,HFC gas emissions (thousand metric tons of CO2 equivalent),EN.ATM.HFCG.KT.CE,,,,,,,,,,,,,,,,,,,,,,,,,,,,,,,,,,,,,,,,,,,,,,,,,,,,,,,,,,
Middle East & North Africa (IDA & IBRD countries),TMN,HFC gas emissions (thousand metric tons of CO2 equivalent),EN.ATM.HFCG.KT.CE,,,,,,,,,,,,,,,,,,,,,,,,,,,,,,,,,,,,,,,,,,,,,,,,,,,,,,,,,,
Tonga,TON,HFC gas emissions (thousand metric tons of CO2 equivalent),EN.ATM.HFCG.KT.CE,,,,,,,,,,,,,,,,,,,,,,,,,,,,,,,,,,,,,,,,,,,,,,,,,,,,,,,,,,
South Asia (IDA & IBRD),TSA,HFC gas emissions (thousand metric tons of CO2 equivalent),EN.ATM.HFCG.KT.CE,,,,,,,,,,,,,,,,,,,,,,,,,,,,,,,,,,,,,,,,,,,,,,,,,,,16736.12,,,,,,,
Sub-Saharan Africa (IDA & IBRD countries),TSS,HFC gas emissions (thousand metric tons of CO2 equivalent),EN.ATM.HFCG.KT.CE,,,,,,,,,,,,,,,,,,,,,,,,,,,,,,,,,,,,,,,,,,,,,,,,,,,,,,,,,,
Trinidad and Tobago,TTO,HFC gas emissions (thousand metric tons of CO2 equivalent),EN.ATM.HFCG.KT.CE,,,,,,,,,,,,,,,,,,,,,,,,,,,,,,,0.00,,,,,,,,,,0.00,,,,,0.00,,,0.00,,0.00,,,,,,,
Tunisia,TUN,HFC gas emissions (thousand metric tons of CO2 equivalent),EN.ATM.HFCG.KT.CE,,,,,,,,,,,,,,,,,,,,,,,,,,,,,,,0.00,,,,,,,,,,0.00,,,,,0.00,,,0.00,,0.00,,,,,,,
Turkey,TUR,HFC gas emissions (thousand metric tons of CO2 equivalent),EN.ATM.HFCG.KT.CE,,,,,,,,,,,,,,,,,,,,,,,,,,,,,,,0.00,,,,,,,,,,994.40,,,,,2893.20,,,3950.80,,4695.00,,,,,,,
Tuvalu,TUV,HFC gas emissions (thousand metric tons of CO2 equivalent),EN.ATM.HFCG.KT.CE,,,,,,,,,,,,,,,,,,,,,,,,,,,,,,,,,,,,,,,,,,,,,,,,,,,,,,,,,,
Tanzania,TZA,HFC gas emissions (thousand metric tons of CO2 equivalent),EN.ATM.HFCG.KT.CE,,,,,,,,,,,,,,,,,,,,,,,,,,,,,,,0.00,,,,,,,,,,0.00,,,,,0.00,,,0.00,,0.00,,,,,,,
Uganda,UGA,HFC gas emissions (thousand metric tons of CO2 equivalent),EN.ATM.HFCG.KT.CE,,,,,,,,,,,,,,,,,,,,,,,,,,,,,,,,,,,,,,,,,,,,,,,,,,,,,,,,,,
Ukraine,UKR,HFC gas emissions (thousand metric tons of CO2 equivalent),EN.ATM.HFCG.KT.CE,,,,,,,,,,,,,,,,,,,,,,,,,,,,,,,0.10,,,,,,,,,,54.70,,,,,227.20,,,333.50,,436.00,,,,,,,
Upper middle income,UMC,HFC gas emissions (thousand metric tons of CO2 equivalent),EN.ATM.HFCG.KT.CE,,,,,,,,,,,,,,,,,,,,,,,,,,,,,,,,,,,,,,,,,,,,,,,,,,,268877.35,,,,,,,
Uruguay,URY,HFC gas emissions (thousand metric tons of CO2 equivalent),EN.ATM.HFCG.KT.CE,,,,,,,,,,,,,,,,,,,,,,,,,,,,,,,0.00,,,,,,,,,,29.30,,,,,58.70,,,71.80,,81.00,,,,,,,
United States,USA,HFC gas emissions (thousand metric tons of CO2 equivalent),EN.ATM.HFCG.KT.CE,,,,,,,,,,,,,,,,,,,,,,,,,,,,,,,29185.80,,,,,,,,,,112665.00,,,,,186290.00,,,240127.00,,300896.00,,,,,,,
Uzbekistan,UZB,HFC gas emissions (thousand metric tons of CO2 equivalent),EN.ATM.HFCG.KT.CE,,,,,,,,,,,,,,,,,,,,,,,,,,,,,,,0.00,,,,,,,,,,192.00,,,,,603.20,,,825.60,,981.00,,,,,,,
St. Vincent and the Grenadines,VCT,HFC gas emissions (thousand metric tons of CO2 equivalent),EN.ATM.HFCG.KT.CE,,,,,,,,,,,,,,,,,,,,,,,,,,,,,,,,,,,,,,,,,,,,,,,,,,,,,,,,,,
"Venezuela, RB",VEN,HFC gas emissions (thousand metric tons of CO2 equivalent),EN.ATM.HFCG.KT.CE,,,,,,,,,,,,,,,,,,,,,,,,,,,,,,,989.60,,,,,,,,,,468.50,,,,,738.40,,,1307.10,,1863.00,,,,,,,
British Virgin Islands,VGB,HFC gas emissions (thousand metric tons of CO2 equivalent),EN.ATM.HFCG.KT.CE,,,,,,,,,,,,,,,,,,,,,,,,,,,,,,,,,,,,,,,,,,,,,,,,,,,,,,,,,,
Virgin Islands (U.S.),VIR,HFC gas emissions (thousand metric tons of CO2 equivalent),EN.ATM.HFCG.KT.CE,,,,,,,,,,,,,,,,,,,,,,,,,,,,,,,,,,,,,,,,,,,,,,,,,,,,,,,,,,
Vietnam,VNM,HFC gas emissions (thousand metric tons of CO2 equivalent),EN.ATM.HFCG.KT.CE,,,,,,,,,,,,,,,,,,,,,,,,,,,,,,,0.00,,,,,,,,,,0.00,,,,,0.00,,,0.00,,0.00,,,,,,,
Vanuatu,VUT,HFC gas emissions (thousand metric tons of CO2 equivalent),EN.ATM.HFCG.KT.CE,,,,,,,,,,,,,,,,,,,,,,,,,,,,,,,,,,,,,,,,,,,,,,,,,,,,,,,,,,
World,WLD,HFC gas emissions (thousand metric tons of CO2 equivalent),EN.ATM.HFCG.KT.CE,,,,,,,,,,,,,,,,,,,,,,,,,,,,,,,,,,,,,,,,,,,,,,,,,,,834345.57,,,,,,,
Samoa,WSM,HFC gas emissions (thousand metric tons of CO2 equivalent),EN.ATM.HFCG.KT.CE,,,,,,,,,,,,,,,,,,,,,,,,,,,,,,,,,,,,,,,,,,,,,,,,,,,,,,,,,,
Kosovo,XKX,HFC gas emissions (thousand metric tons of CO2 equivalent),EN.ATM.HFCG.KT.CE,,,,,,,,,,,,,,,,,,,,,,,,,,,,,,,,,,,,,,,,,,,,,,,,,,,0.00,,,,,,,
"Yemen, Rep.",YEM,HFC gas emissions (thousand metric tons of CO2 equivalent),EN.ATM.HFCG.KT.CE,,,,,,,,,,,,,,,,,,,,,,,,,,,,,,,0.00,,,,,,,,,,0.00,,,,,0.00,,,0.00,,0.00,,,,,,,
South Africa,ZAF,HFC gas emissions (thousand metric tons of CO2 equivalent),EN.ATM.HFCG.KT.CE,,,,,,,,,,,,,,,,,,,,,,,,,,,,,,,0.20,,,,,,,,,,254.60,,,,,524.50,,,691.60,,811.00,,,,,,,
Zambia,ZMB,HFC gas emissions (thousand metric tons of CO2 equivalent),EN.ATM.HFCG.KT.CE,,,,,,,,,,,,,,,,,,,,,,,,,,,,,,,0.00,,,,,,,,,,0.10,,,,,0.40,,,0.50,,1.00,,,,,,,
Zimbabwe,ZWE,HFC gas emissions (thousand metric tons of CO2 equivalent),EN.ATM.HFCG.KT.CE,,,,,,,,,,,,,,,,,,,,,,,,,,,,,,,0.00,,,,,,,,,,0.00,,,,,0.00,,,0.00,,0.00,,,,,,,