Country Name,Country Code,Indicator Name,Indicator Code,1960,1961,1962,1963,1964,1965,1966,1967,1968,1969,1970,1971,1972,1973,1974,1975,1976,1977,1978,1979,1980,1981,1982,1983,1984,1985,1986,1987,1988,1989,1990,1991,1992,1993,1994,1995,1996,1997,1998,1999,2000,2001,2002,2003,2004,2005,2006,2007,2008,2009,2010,2011,2012,2013,2014,2015,
Aruba,ABW,Poverty headcount ratio at $1.90 a day (2011 PPP) (% of population),SI.POV.DDAY,,,,,,,,,,,,,,,,,,,,,,,,,,,,,,,,,,,,,,,,,,,,,,,,,,,,,,,,,
Afghanistan,AFG,Poverty headcount ratio at $1.90 a day (2011 PPP) (% of population),SI.POV.DDAY,,,,,,,,,,,,,,,,,,,,,,,,,,,,,,,,,,,,,,,,,,,,,,,,,,,,,,,,,
Angola,AGO,Poverty headcount ratio at $1.90 a day (2011 PPP) (% of population),SI.POV.DDAY,,,,,,,,,,,,,,,,,,,,,,,,,,,,,,,,,,,,,,,,,,,,,,,,,30.10,,,,,,,,
Albania,ALB,Poverty headcount ratio at $1.90 a day (2011 PPP) (% of population),SI.POV.DDAY,,,,,,,,,,,,,,,,,,,,,,,,,,,,,,,,,,,,,1.10,,,,,,2.40,,,1.10,,,0.40,,,,1.10,,,,
Andorra,AND,Poverty headcount ratio at $1.90 a day (2011 PPP) (% of population),SI.POV.DDAY,,,,,,,,,,,,,,,,,,,,,,,,,,,,,,,,,,,,,,,,,,,,,,,,,,,,,,,,,
Arab World,ARB,Poverty headcount ratio at $1.90 a day (2011 PPP) (% of population),SI.POV.DDAY,,,,,,,,,,,,,,,,,,,,,,,,,,,,,,,,,,,,,,,,,,,,,,,,,,,,,,,,,
United Arab Emirates,ARE,Poverty headcount ratio at $1.90 a day (2011 PPP) (% of population),SI.POV.DDAY,,,,,,,,,,,,,,,,,,,,,,,,,,,,,,,,,,,,,,,,,,,,,,,,,,,,,,,,,
Argentina,ARG,Poverty headcount ratio at $1.90 a day (2011 PPP) (% of population),SI.POV.DDAY,,,,,,,,,,,,,,,,,,,,,0.50,,,,,,0.00,0.00,,,,1.10,2.00,2.40,2.30,4.10,4.60,4.10,4.60,4.80,5.70,9.40,14.00,9.80,7.10,5.40,4.10,3.50,3.00,3.00,2.00,1.50,1.60,1.80,1.70,,
Armenia,ARM,Poverty headcount ratio at $1.90 a day (2011 PPP) (% of population),SI.POV.DDAY,,,,,,,,,,,,,,,,,,,,,,,,,,,,,,,,,,,,,,,,16.90,,19.30,15.10,11.40,7.90,4.50,3.30,3.60,1.50,1.60,2.50,2.70,1.70,2.40,2.30,1.90,
American Samoa,ASM,Poverty headcount ratio at $1.90 a day (2011 PPP) (% of population),SI.POV.DDAY,,,,,,,,,,,,,,,,,,,,,,,,,,,,,,,,,,,,,,,,,,,,,,,,,,,,,,,,,
Antigua and Barbuda,ATG,Poverty headcount ratio at $1.90 a day (2011 PPP) (% of population),SI.POV.DDAY,,,,,,,,,,,,,,,,,,,,,,,,,,,,,,,,,,,,,,,,,,,,,,,,,,,,,,,,,
Australia,AUS,Poverty headcount ratio at $1.90 a day (2011 PPP) (% of population),SI.POV.DDAY,,,,,,,,,,,,,,,,,,,,,,1.00,,,,1.00,,,,0.70,,,,,,1.00,,,,,,0.70,,1.00,,,,,0.40,,0.30,,,,,,
Austria,AUT,Poverty headcount ratio at $1.90 a day (2011 PPP) (% of population),SI.POV.DDAY,,,,,,,,,,,,,,,,,,,,,,,,,,,,,,,,,,,,,,,,,,,,,0.10,0.10,0.10,0.40,0.50,0.70,0.50,0.40,0.30,0.30,0.20,,
Azerbaijan,AZE,Poverty headcount ratio at $1.90 a day (2011 PPP) (% of population),SI.POV.DDAY,,,,,,,,,,,,,,,,,,,,,,,,,,,,,,,,,,,,7.30,,,,,,2.70,0.00,0.00,0.00,0.00,,,0.50,,,,,,,,
Burundi,BDI,Poverty headcount ratio at $1.90 a day (2011 PPP) (% of population),SI.POV.DDAY,,,,,,,,,,,,,,,,,,,,,,,,,,,,,,,,,81.10,,,,,,84.10,,,,,,,,77.70,,,,,,,73.70,,,
Belgium,BEL,Poverty headcount ratio at $1.90 a day (2011 PPP) (% of population),SI.POV.DDAY,,,,,,,,,,,,,,,,,,,,,,,,,,,,,,,,,,,,,,,,,,,,,0.10,0.20,0.20,0.10,0.10,0.10,0.10,0.20,0.20,0.30,0.00,,
Benin,BEN,Poverty headcount ratio at $1.90 a day (2011 PPP) (% of population),SI.POV.DDAY,,,,,,,,,,,,,,,,,,,,,,,,,,,,,,,,,,,,,,,,,,,,48.90,,,,,,,,53.10,,,,49.50,
Burkina Faso,BFA,Poverty headcount ratio at $1.90 a day (2011 PPP) (% of population),SI.POV.DDAY,,,,,,,,,,,,,,,,,,,,,,,,,,,,,,,,,,,83.10,,,,81.60,,,,,57.30,,,,,,55.30,,,,,43.70,,
Bangladesh,BGD,Poverty headcount ratio at $1.90 a day (2011 PPP) (% of population),SI.POV.DDAY,,,,,,,,,,,,,,,,,,,,,,,,38.50,,34.60,,,43.90,,,44.20,,,,35.10,,,,,33.70,,,,,24.50,,,,,18.50,,,,,,
Bulgaria,BGR,Poverty headcount ratio at $1.90 a day (2011 PPP) (% of population),SI.POV.DDAY,,,,,,,,,,,,,,,,,,,,,,,,,,,,,,,,,0.00,,,,,,,,,,,,,,5.40,1.60,1.20,1.10,1.90,2.20,2.00,1.70,1.50,,
Bahrain,BHR,Poverty headcount ratio at $1.90 a day (2011 PPP) (% of population),SI.POV.DDAY,,,,,,,,,,,,,,,,,,,,,,,,,,,,,,,,,,,,,,,,,,,,,,,,,,,,,,,,,
"Bahamas, The",BHS,Poverty headcount ratio at $1.90 a day (2011 PPP) (% of population),SI.POV.DDAY,,,,,,,,,,,,,,,,,,,,,,,,,,,,,,,,,,,,,,,,,,,,,,,,,,,,,,,,,
Bosnia and Herzegovina,BIH,Poverty headcount ratio at $1.90 a day (2011 PPP) (% of population),SI.POV.DDAY,,,,,,,,,,,,,,,,,,,,,,,,,,,,,,,,,,,,,,,,,,0.30,,,0.20,,,0.10,,,,0.10,,,,,
Belarus,BLR,Poverty headcount ratio at $1.90 a day (2011 PPP) (% of population),SI.POV.DDAY,,,,,,,,,,,,,,,,,,,,,,,,,,,,,,,,,,,,,,,11.30,10.30,7.10,3.10,2.00,1.40,0.30,0.40,0.10,0.10,0.00,0.00,0.00,0.00,0.00,0.00,0.00,0.00,
Belize,BLZ,Poverty headcount ratio at $1.90 a day (2011 PPP) (% of population),SI.POV.DDAY,,,,,,,,,,,,,,,,,,,,,,,,,,,,,,,,,,10.10,9.80,,12.70,16.40,14.90,13.90,,,,,,,,,,,,,,,,,
Bermuda,BMU,Poverty headcount ratio at $1.90 a day (2011 PPP) (% of population),SI.POV.DDAY,,,,,,,,,,,,,,,,,,,,,,,,,,,,,,,,,,,,,,,,,,,,,,,,,,,,,,,,,
Bolivia,BOL,Poverty headcount ratio at $1.90 a day (2011 PPP) (% of population),SI.POV.DDAY,,,,,,,,,,,,,,,,,,,,,,,,,,,,,,,8.60,,,,,,,19.30,,25.30,29.70,23.70,24.90,,13.70,20.40,17.90,13.90,11.90,11.90,,8.00,9.10,7.70,6.80,7.10,
Brazil,BRA,Poverty headcount ratio at $1.90 a day (2011 PPP) (% of population),SI.POV.DDAY,,,,,,,,,,,,,,,,,,,,,,24.40,23.80,30.60,29.90,25.10,9.80,18.10,22.40,20.50,20.60,,20.80,19.90,,13.00,14.20,14.00,12.70,13.40,,13.60,12.30,12.70,11.00,9.60,7.90,7.60,6.30,6.20,,5.50,4.60,4.90,3.70,4.30,
Barbados,BRB,Poverty headcount ratio at $1.90 a day (2011 PPP) (% of population),SI.POV.DDAY,,,,,,,,,,,,,,,,,,,,,,,,,,,,,,,,,,,,,,,,,,,,,,,,,,,,,,,,,
Brunei Darussalam,BRN,Poverty headcount ratio at $1.90 a day (2011 PPP) (% of population),SI.POV.DDAY,,,,,,,,,,,,,,,,,,,,,,,,,,,,,,,,,,,,,,,,,,,,,,,,,,,,,,,,,
Bhutan,BTN,Poverty headcount ratio at $1.90 a day (2011 PPP) (% of population),SI.POV.DDAY,,,,,,,,,,,,,,,,,,,,,,,,,,,,,,,,,,,,,,,,,,,,35.20,,,,8.00,,,,,2.20,,,,
Botswana,BWA,Poverty headcount ratio at $1.90 a day (2011 PPP) (% of population),SI.POV.DDAY,,,,,,,,,,,,,,,,,,,,,,,,,,42.60,,,,,,,,34.80,,,,,,,,,29.80,,,,,,,18.20,,,,,,,
Central African Republic,CAF,Poverty headcount ratio at $1.90 a day (2011 PPP) (% of population),SI.POV.DDAY,,,,,,,,,,,,,,,,,,,,,,,,,,,,,,,,,84.30,,,,,,,,,,,64.80,,,,,66.30,,,,,,,,
Canada,CAN,Poverty headcount ratio at $1.90 a day (2011 PPP) (% of population),SI.POV.DDAY,,,,,,,,,,,,,,,,,,,,,,0.70,,,,,,0.30,,,,0.30,,,0.30,,,0.30,0.30,,0.30,,,,0.30,,,0.30,,,0.30,,,0.30,,,
Central Europe and the Baltics,CEB,Poverty headcount ratio at $1.90 a day (2011 PPP) (% of population),SI.POV.DDAY,,,,,,,,,,,,,,,,,,,,,,,,,,,,,,,,,,,,,,,,,,,,,,,,,,,,,,,,,
Switzerland,CHE,Poverty headcount ratio at $1.90 a day (2011 PPP) (% of population),SI.POV.DDAY,,,,,,,,,,,,,,,,,,,,,,,,,,,,,,,,,,,,,,,,,,,,,,,,0.10,0.10,0.00,0.10,0.00,0.00,0.00,,,
Channel Islands,CHI,Poverty headcount ratio at $1.90 a day (2011 PPP) (% of population),SI.POV.DDAY,,,,,,,,,,,,,,,,,,,,,,,,,,,,,,,,,,,,,,,,,,,,,,,,,,,,,,,,,
Chile,CHL,Poverty headcount ratio at $1.90 a day (2011 PPP) (% of population),SI.POV.DDAY,,,,,,,,,,,,,,,,,,,,,,,,,,,,8.50,,,7.90,,4.60,,4.90,,3.40,,3.50,,4.30,,,4.00,,,2.30,,,2.60,,1.60,,0.90,,1.30,
China,CHN,Poverty headcount ratio at $1.90 a day (2011 PPP) (% of population),SI.POV.DDAY,,,,,,,,,,,,,,,,,,,,,,,,,,,,,,,66.60,,,57.00,,,42.00,,,40.50,,,32.00,,,18.80,,,14.70,,11.20,7.90,6.50,1.90,,,
Cote d'Ivoire,CIV,Poverty headcount ratio at $1.90 a day (2011 PPP) (% of population),SI.POV.DDAY,,,,,,,,,,,,,,,,,,,,,,,,,,6.80,3.10,6.80,10.70,,,,22.40,,,19.60,,,25.80,,,,23.20,,,,,,29.10,,,,,,,27.90,
Cameroon,CMR,Poverty headcount ratio at $1.90 a day (2011 PPP) (% of population),SI.POV.DDAY,,,,,,,,,,,,,,,,,,,,,,,,,,,,,,,,,,,,,48.10,,,,,23.10,,,,,,29.30,,,,,,,24.00,,
"Congo, Dem. Rep.",COD,Poverty headcount ratio at $1.90 a day (2011 PPP) (% of population),SI.POV.DDAY,,,,,,,,,,,,,,,,,,,,,,,,,,,,,,,,,,,,,,,,,,,,,94.00,,,,,,,,77.10,,,,
"Congo, Rep.",COG,Poverty headcount ratio at $1.90 a day (2011 PPP) (% of population),SI.POV.DDAY,,,,,,,,,,,,,,,,,,,,,,,,,,,,,,,,,,,,,,,,,,,,,,50.20,,,,,,37.00,,,,,
Colombia,COL,Poverty headcount ratio at $1.90 a day (2011 PPP) (% of population),SI.POV.DDAY,,,,,,,,,,,,,,,,,,,,,,,,,,,,,,,,,8.10,,,,15.60,,,19.30,16.20,20.80,14.70,12.80,11.80,10.40,,,10.70,9.30,8.10,6.60,7.10,6.10,5.70,5.50,
Comoros,COM,Poverty headcount ratio at $1.90 a day (2011 PPP) (% of population),SI.POV.DDAY,,,,,,,,,,,,,,,,,,,,,,,,,,,,,,,,,,,,,,,,,,,,,13.50,,,,,,,,,17.70,,,
Cabo Verde,CPV,Poverty headcount ratio at $1.90 a day (2011 PPP) (% of population),SI.POV.DDAY,,,,,,,,,,,,,,,,,,,,,,,,,,,,,,,,,,,,,,,,,,16.00,,,,,,8.10,,,,,,,,,
Costa Rica,CRI,Poverty headcount ratio at $1.90 a day (2011 PPP) (% of population),SI.POV.DDAY,,,,,,,,,,,,,,,,,,,,,,35.60,,,,,12.50,,,12.00,9.90,11.70,9.60,8.00,6.70,6.90,8.00,6.50,5.10,6.40,6.50,6.50,6.30,6.10,5.60,4.40,4.40,2.40,2.70,3.30,1.60,1.80,1.70,1.70,1.60,1.60,
Caribbean small states,CSS,Poverty headcount ratio at $1.90 a day (2011 PPP) (% of population),SI.POV.DDAY,,,,,,,,,,,,,,,,,,,,,,,,,,,,,,,,,,,,,,,,,,,,,,,,,,,,,,,,,
Cuba,CUB,Poverty headcount ratio at $1.90 a day (2011 PPP) (% of population),SI.POV.DDAY,,,,,,,,,,,,,,,,,,,,,,,,,,,,,,,,,,,,,,,,,,,,,,,,,,,,,,,,,
Curacao,CUW,Poverty headcount ratio at $1.90 a day (2011 PPP) (% of population),SI.POV.DDAY,,,,,,,,,,,,,,,,,,,,,,,,,,,,,,,,,,,,,,,,,,,,,,,,,,,,,,,,,
Cayman Islands,CYM,Poverty headcount ratio at $1.90 a day (2011 PPP) (% of population),SI.POV.DDAY,,,,,,,,,,,,,,,,,,,,,,,,,,,,,,,,,,,,,,,,,,,,,,,,,,,,,,,,,
Cyprus,CYP,Poverty headcount ratio at $1.90 a day (2011 PPP) (% of population),SI.POV.DDAY,,,,,,,,,,,,,,,,,,,,,,,,,,,,,,,,,,,,,,,,,,,,,0.10,0.10,0.00,0.00,0.00,0.10,0.10,0.00,0.00,0.00,0.00,,
Czech Republic,CZE,Poverty headcount ratio at $1.90 a day (2011 PPP) (% of population),SI.POV.DDAY,,,,,,,,,,,,,,,,,,,,,,,,,,,,,0.00,,,,,0.00,,,0.10,,,,,,,,0.00,0.00,0.10,0.10,0.00,0.10,0.00,0.10,0.00,0.00,0.00,,
Germany,DEU,Poverty headcount ratio at $1.90 a day (2011 PPP) (% of population),SI.POV.DDAY,,,,,,,,,,,,,,,,,,,,,,,,,,,,,,,,,,,,,,,,,,,,,,,0.20,0.10,0.10,0.00,0.20,0.00,,0.00,,,
Djibouti,DJI,Poverty headcount ratio at $1.90 a day (2011 PPP) (% of population),SI.POV.DDAY,,,,,,,,,,,,,,,,,,,,,,,,,,,,,,,,,,,,,,,,,,,20.60,,,,,,,,,,18.30,22.50,,,
Dominica,DMA,Poverty headcount ratio at $1.90 a day (2011 PPP) (% of population),SI.POV.DDAY,,,,,,,,,,,,,,,,,,,,,,,,,,,,,,,,,,,,,,,,,,,,,,,,,,,,,,,,,
Denmark,DNK,Poverty headcount ratio at $1.90 a day (2011 PPP) (% of population),SI.POV.DDAY,,,,,,,,,,,,,,,,,,,,,,,,,,,,,,,,,,,,,,,,,,,,,0.30,0.30,0.20,0.00,0.10,0.50,0.20,0.00,0.00,0.20,0.20,,
Dominican Republic,DOM,Poverty headcount ratio at $1.90 a day (2011 PPP) (% of population),SI.POV.DDAY,,,,,,,,,,,,,,,,,,,,,,,,,,,38.30,,,36.70,,,5.30,,,,4.90,5.20,,,5.50,4.20,5.80,6.80,8.60,5.80,4.50,4.30,3.80,3.30,2.60,2.90,2.60,2.30,2.10,1.90,
Algeria,DZA,Poverty headcount ratio at $1.90 a day (2011 PPP) (% of population),SI.POV.DDAY,,,,,,,,,,,,,,,,,,,,,,,,,,,,,6.50,,,,,,,5.90,,,,,,,,,,,,,,,,0.50,,,,,
East Asia & Pacific (excluding high income),EAP,Poverty headcount ratio at $1.90 a day (2011 PPP) (% of population),SI.POV.DDAY,,,,,,,,,,,,,,,,,,,,,,,,,,,,,,,,,,,,,,,,,,,,,,,,,,,,,,,,,
Early-demographic dividend,EAR,Poverty headcount ratio at $1.90 a day (2011 PPP) (% of population),SI.POV.DDAY,,,,,,,,,,,,,,,,,,,,,,,,,,,,,,,,,,,,,,,,,,,,,,,,,,,,,,,,,
East Asia & Pacific,EAS,Poverty headcount ratio at $1.90 a day (2011 PPP) (% of population),SI.POV.DDAY,,,,,,,,,,,,,,,,,,,,,,80.50,,,70.40,,,59.30,,,61.40,,,53.70,,,40.90,,,38.50,,,30.00,,,19.20,,,15.10,,11.30,8.60,7.20,3.70,,,
Europe & Central Asia (excluding high income),ECA,Poverty headcount ratio at $1.90 a day (2011 PPP) (% of population),SI.POV.DDAY,,,,,,,,,,,,,,,,,,,,,,,,,,,,,,,,,,,,,,,,,,,,,,,,,,,,,,,,,
Europe & Central Asia,ECS,Poverty headcount ratio at $1.90 a day (2011 PPP) (% of population),SI.POV.DDAY,,,,,,,,,,,,,,,,,,,,,,,,,,,,1.60,,,2.40,,,5.80,,,7.60,,,8.00,,,6.20,,,4.90,,,3.10,,2.90,2.60,2.50,2.20,,,
Ecuador,ECU,Poverty headcount ratio at $1.90 a day (2011 PPP) (% of population),SI.POV.DDAY,,,,,,,,,,,,,,,,,,,,,,,,,,,,23.20,,,,,,,17.10,,,,15.70,21.80,28.10,,,16.90,15.20,13.60,9.30,10.10,9.00,8.90,7.10,5.90,5.90,4.40,3.80,4.80,
"Egypt, Arab Rep.",EGY,Poverty headcount ratio at $1.90 a day (2011 PPP) (% of population),SI.POV.DDAY,,,,,,,,,,,,,,,,,,,,,,,,,,,,,,,7.30,,,,,4.60,,,,2.00,,,,,4.40,,,,3.90,,3.00,,2.30,,,1.40,
Euro area,EMU,Poverty headcount ratio at $1.90 a day (2011 PPP) (% of population),SI.POV.DDAY,,,,,,,,,,,,,,,,,,,,,,,,,,,,,,,,,,,,,,,,,,,,,,,,,,,,,,,,,
Eritrea,ERI,Poverty headcount ratio at $1.90 a day (2011 PPP) (% of population),SI.POV.DDAY,,,,,,,,,,,,,,,,,,,,,,,,,,,,,,,,,,,,,,,,,,,,,,,,,,,,,,,,,
Spain,ESP,Poverty headcount ratio at $1.90 a day (2011 PPP) (% of population),SI.POV.DDAY,,,,,,,,,,,,,,,,,,,,,,,,,,,,,,,,,,,,,,,,,,,,,0.80,0.80,0.60,0.70,0.50,0.80,0.70,1.10,0.90,1.20,0.80,,
Estonia,EST,Poverty headcount ratio at $1.90 a day (2011 PPP) (% of population),SI.POV.DDAY,,,,,,,,,,,,,,,,,,,,,,,,,,,,,0.10,,,,,1.30,,,,,,,,,,2.50,1.10,0.80,0.80,0.40,0.40,0.60,0.80,1.00,0.70,1.00,0.70,,
Ethiopia,ETH,Poverty headcount ratio at $1.90 a day (2011 PPP) (% of population),SI.POV.DDAY,,,,,,,,,,,,,,,,,,,,,,,,,,,,,,,,,,,,66.40,,,,55.40,,,,,36.30,,,,,,33.50,,,,,,
European Union,EUU,Poverty headcount ratio at $1.90 a day (2011 PPP) (% of population),SI.POV.DDAY,,,,,,,,,,,,,,,,,,,,,,,,,,,,,,,,,,,,,,,,,,,,,,,,,,,,,,,,,
Fragile and conflict affected situations,FCS,Poverty headcount ratio at $1.90 a day (2011 PPP) (% of population),SI.POV.DDAY,,,,,,,,,,,,,,,,,,,,,,51.60,,,52.70,,,51.90,,,52.60,,,56.50,,,54.60,,,51.30,,,48.80,,,44.40,,,40.10,,37.90,37.50,35.90,34.70,,,
Finland,FIN,Poverty headcount ratio at $1.90 a day (2011 PPP) (% of population),SI.POV.DDAY,,,,,,,,,,,,,,,,,,,,,,,,,,,,,,,,,,,,,,,,,,,,,0.00,0.10,0.10,0.10,0.10,0.10,0.10,0.10,0.10,0.00,0.00,,
Fiji,FJI,Poverty headcount ratio at $1.90 a day (2011 PPP) (% of population),SI.POV.DDAY,,,,,,,,,,,,,,,,,,,,,,,,,,,,,,,,,,,,,,,,,,,4.90,,,,,,3.50,,,,,1.50,,,
France,FRA,Poverty headcount ratio at $1.90 a day (2011 PPP) (% of population),SI.POV.DDAY,,,,,,,,,,,,,,,,,,,,,,,,,,,,,,,,,,,,,,,,,,,,,0.10,0.00,0.00,0.00,0.00,,0.10,0.00,0.00,0.00,0.00,,
Faroe Islands,FRO,Poverty headcount ratio at $1.90 a day (2011 PPP) (% of population),SI.POV.DDAY,,,,,,,,,,,,,,,,,,,,,,,,,,,,,,,,,,,,,,,,,,,,,,,,,,,,,,,,,
"Micronesia, Fed. Sts.",FSM,Poverty headcount ratio at $1.90 a day (2011 PPP) (% of population),SI.POV.DDAY,,,,,,,,,,,,,,,,,,,,,,,,,,,,,,,,,,,,,,,,,,,,,,10.60,,,,,,,,15.30,,,
Gabon,GAB,Poverty headcount ratio at $1.90 a day (2011 PPP) (% of population),SI.POV.DDAY,,,,,,,,,,,,,,,,,,,,,,,,,,,,,,,,,,,,,,,,,,,,,,8.00,,,,,,,,,,,
United Kingdom,GBR,Poverty headcount ratio at $1.90 a day (2011 PPP) (% of population),SI.POV.DDAY,,,,,,,,,,,,,,,,,,,,,,,,,,,,,,,,,,,,,,,,,,,,,0.40,0.50,0.20,0.30,0.30,0.20,0.10,0.40,0.20,0.20,0.20,,
Georgia,GEO,Poverty headcount ratio at $1.90 a day (2011 PPP) (% of population),SI.POV.DDAY,,,,,,,,,,,,,,,,,,,,,,,,,,,,,,,,,,,,,6.00,17.60,15.70,19.90,21.00,20.90,16.90,17.40,16.80,16.20,13.90,16.30,15.50,15.40,19.60,17.80,15.50,11.50,9.80,8.30,
Ghana,GHA,Poverty headcount ratio at $1.90 a day (2011 PPP) (% of population),SI.POV.DDAY,,,,,,,,,,,,,,,,,,,,,,,,,,,,40.00,39.70,,,47.40,,,,,,,33.90,,,,,,,25.10,,,,,,,13.60,,,,
Gibraltar,GIB,Poverty headcount ratio at $1.90 a day (2011 PPP) (% of population),SI.POV.DDAY,,,,,,,,,,,,,,,,,,,,,,,,,,,,,,,,,,,,,,,,,,,,,,,,,,,,,,,,,
Guinea,GIN,Poverty headcount ratio at $1.90 a day (2011 PPP) (% of population),SI.POV.DDAY,,,,,,,,,,,,,,,,,,,,,,,,,,,,,,,,92.30,,,48.50,,,,,,,,61.60,,,,,59.70,,,,,35.30,,,,
"Gambia, The",GMB,Poverty headcount ratio at $1.90 a day (2011 PPP) (% of population),SI.POV.DDAY,,,,,,,,,,,,,,,,,,,,,,,,,,,,,,,,,,,,,,,70.50,,,,,45.30,,,,,,,,,,,,,
Guinea-Bissau,GNB,Poverty headcount ratio at $1.90 a day (2011 PPP) (% of population),SI.POV.DDAY,,,,,,,,,,,,,,,,,,,,,,,,,,,,,,,,43.00,,64.00,,,,,,,,,53.90,,,,,,,,67.10,,,,,,
Equatorial Guinea,GNQ,Poverty headcount ratio at $1.90 a day (2011 PPP) (% of population),SI.POV.DDAY,,,,,,,,,,,,,,,,,,,,,,,,,,,,,,,,,,,,,,,,,,,,,,,,,,,,,,,,,
Greece,GRC,Poverty headcount ratio at $1.90 a day (2011 PPP) (% of population),SI.POV.DDAY,,,,,,,,,,,,,,,,,,,,,,,,,,,,,,,,,,,,,,,,,,,,,0.60,0.30,0.60,0.50,0.30,0.60,1.00,1.20,1.50,1.00,1.50,,
Grenada,GRD,Poverty headcount ratio at $1.90 a day (2011 PPP) (% of population),SI.POV.DDAY,,,,,,,,,,,,,,,,,,,,,,,,,,,,,,,,,,,,,,,,,,,,,,,,,,,,,,,,,
Greenland,GRL,Poverty headcount ratio at $1.90 a day (2011 PPP) (% of population),SI.POV.DDAY,,,,,,,,,,,,,,,,,,,,,,,,,,,,,,,,,,,,,,,,,,,,,,,,,,,,,,,,,
Guatemala,GTM,Poverty headcount ratio at $1.90 a day (2011 PPP) (% of population),SI.POV.DDAY,,,,,,,,,,,,,,,,,,,,,,,,,,,50.90,,,38.00,,,,,,,,,13.40,,10.10,,,,,,11.50,,,,,11.50,,,9.50,,
Guam,GUM,Poverty headcount ratio at $1.90 a day (2011 PPP) (% of population),SI.POV.DDAY,,,,,,,,,,,,,,,,,,,,,,,,,,,,,,,,,,,,,,,,,,,,,,,,,,,,,,,,,
Guyana,GUY,Poverty headcount ratio at $1.90 a day (2011 PPP) (% of population),SI.POV.DDAY,,,,,,,,,,,,,,,,,,,,,,,,,,,,,,,,,33.20,,,,,,14.00,,,,,,,,,,,,,,,,,,
High income,HIC,Poverty headcount ratio at $1.90 a day (2011 PPP) (% of population),SI.POV.DDAY,,,,,,,,,,,,,,,,,,,,,,0.70,,,0.70,,,0.60,,,0.60,,,0.60,,,0.60,,,0.50,,,0.50,,,0.60,,,0.50,,0.60,0.60,0.60,0.60,,,
"Hong Kong SAR, China",HKG,Poverty headcount ratio at $1.90 a day (2011 PPP) (% of population),SI.POV.DDAY,,,,,,,,,,,,,,,,,,,,,,,,,,,,,,,,,,,,,,,,,,,,,,,,,,,,,,,,,
Honduras,HND,Poverty headcount ratio at $1.90 a day (2011 PPP) (% of population),SI.POV.DDAY,,,,,,,,,,,,,,,,,,,,,,,,,,,,,,38.60,44.30,33.40,28.70,23.60,26.70,27.70,30.40,21.20,25.90,26.50,,18.30,29.10,27.50,26.30,27.80,23.80,17.40,16.10,14.00,15.50,18.80,21.40,18.90,17.20,17.80,
Heavily indebted poor countries (HIPC),HPC,Poverty headcount ratio at $1.90 a day (2011 PPP) (% of population),SI.POV.DDAY,,,,,,,,,,,,,,,,,,,,,,,,,,,,,,,,,,,,,,,,,,,,,,,,,,,,,,,,,
Croatia,HRV,Poverty headcount ratio at $1.90 a day (2011 PPP) (% of population),SI.POV.DDAY,,,,,,,,,,,,,,,,,,,,,,,,,,,,,0.00,,,,,,,,,,,,,,,,,,,,,0.90,1.20,0.70,0.90,0.80,1.00,,
Haiti,HTI,Poverty headcount ratio at $1.90 a day (2011 PPP) (% of population),SI.POV.DDAY,,,,,,,,,,,,,,,,,,,,,,,,,,,,,,,,,,,,,,,,,,,,,,,,,,,,,24.90,,,,
Hungary,HUN,Poverty headcount ratio at $1.90 a day (2011 PPP) (% of population),SI.POV.DDAY,,,,,,,,,,,,,,,,,,,,,,,,,,,,0.10,,0.10,,,,0.20,,,,,,,,,,,0.10,0.70,0.10,0.10,0.00,0.10,0.10,0.10,0.20,0.20,0.70,,
IBRD only,IBD,Poverty headcount ratio at $1.90 a day (2011 PPP) (% of population),SI.POV.DDAY,,,,,,,,,,,,,,,,,,,,,,,,,,,,,,,,,,,,,,,,,,,,,,,,,,,,,,,,,
IDA & IBRD total,IBT,Poverty headcount ratio at $1.90 a day (2011 PPP) (% of population),SI.POV.DDAY,,,,,,,,,,,,,,,,,,,,,,,,,,,,,,,,,,,,,,,,,,,,,,,,,,,,,,,,,
IDA total,IDA,Poverty headcount ratio at $1.90 a day (2011 PPP) (% of population),SI.POV.DDAY,,,,,,,,,,,,,,,,,,,,,,51.40,,,52.40,,,53.30,,,52.80,,,52.60,,,48.40,,,47.90,,,47.10,,,39.30,,,34.90,,32.40,31.00,29.50,28.20,,,
IDA blend,IDB,Poverty headcount ratio at $1.90 a day (2011 PPP) (% of population),SI.POV.DDAY,,,,,,,,,,,,,,,,,,,,,,,,,,,,,,,,,,,,,,,,,,,,,,,,,,,,,,,,,
Indonesia,IDN,Poverty headcount ratio at $1.90 a day (2011 PPP) (% of population),SI.POV.DDAY,,,,,,,,,,,,,,,,,,,,,,,,,70.30,,,70.10,,,57.30,,,57.10,,,45.90,,65.30,40.00,39.80,36.00,23.40,23.30,24.40,21.60,28.00,22.80,21.60,18.40,15.90,13.60,11.80,9.80,8.30,7.50,6.80
IDA only,IDX,Poverty headcount ratio at $1.90 a day (2011 PPP) (% of population),SI.POV.DDAY,,,,,,,,,,,,,,,,,,,,,,,,,,,,,,,,,,,,,,,,,,,,,,,,,,,,,,,,,
Isle of Man,IMN,Poverty headcount ratio at $1.90 a day (2011 PPP) (% of population),SI.POV.DDAY,,,,,,,,,,,,,,,,,,,,,,,,,,,,,,,,,,,,,,,,,,,,,,,,,,,,,,,,,
India,IND,Poverty headcount ratio at $1.90 a day (2011 PPP) (% of population),SI.POV.DDAY,,,,,,,,,,,,,,,,,,,,,,,,53.90,,,,44.80,,,,,,45.90,,,,,,,,,,,38.20,,,,,31.10,,21.20,,,,,
Not classified,INX,Poverty headcount ratio at $1.90 a day (2011 PPP) (% of population),SI.POV.DDAY,,,,,,,,,,,,,,,,,,,,,,,,,,,,,,,,,,,,,,,,,,,,,,,,,,,,,,,,,
Ireland,IRL,Poverty headcount ratio at $1.90 a day (2011 PPP) (% of population),SI.POV.DDAY,,,,,,,,,,,,,,,,,,,,,,,,,,,,,,,,,,,,,,,,,,,,,0.00,0.00,0.40,0.10,0.20,0.40,0.50,0.50,0.30,0.80,0.50,,
"Iran, Islamic Rep.",IRN,Poverty headcount ratio at $1.90 a day (2011 PPP) (% of population),SI.POV.DDAY,,,,,,,,,,,,,,,,,,,,,,,,,,,7.40,,,,6.00,,,,3.20,,,,2.60,,,,,,,0.40,0.40,,,1.00,,,,0.10,0.30,,
Iraq,IRQ,Poverty headcount ratio at $1.90 a day (2011 PPP) (% of population),SI.POV.DDAY,,,,,,,,,,,,,,,,,,,,,,,,,,,,,,,,,,,,,,,,,,,,,,,2.10,,,,,,2.50,,,,
Iceland,ISL,Poverty headcount ratio at $1.90 a day (2011 PPP) (% of population),SI.POV.DDAY,,,,,,,,,,,,,,,,,,,,,,,,,,,,,,,,,,,,,,,,,,,,,0.20,0.00,0.10,0.00,0.10,0.10,0.10,0.10,0.00,0.00,0.00,,
Israel,ISR,Poverty headcount ratio at $1.90 a day (2011 PPP) (% of population),SI.POV.DDAY,,,,,,,,,,,,,,,,,,,,0.00,,,,,,,0.30,,,,,,0.00,,,,,0.40,,,,0.30,,,,0.70,,0.30,,,0.30,,0.70,,,,
Italy,ITA,Poverty headcount ratio at $1.90 a day (2011 PPP) (% of population),SI.POV.DDAY,,,,,,,,,,,,,,,,,,,,,,,,,,,,,,,,,,,,,,,,,,,,,0.60,0.70,0.70,0.60,0.70,0.90,1.30,1.10,1.20,1.40,1.20,,
Jamaica,JAM,Poverty headcount ratio at $1.90 a day (2011 PPP) (% of population),SI.POV.DDAY,,,,,,,,,,,,,,,,,,,,,,,,,,,,,7.20,,4.60,,,9.80,,,3.40,,,2.60,,,2.70,,1.70,,,,,,,,,,,,
Jordan,JOR,Poverty headcount ratio at $1.90 a day (2011 PPP) (% of population),SI.POV.DDAY,,,,,,,,,,,,,,,,,,,,,,,,,,,0.00,,,,,,2.60,,,,,1.40,,,,,0.90,,,,0.30,,0.10,,0.10,,,,,,
Japan,JPN,Poverty headcount ratio at $1.90 a day (2011 PPP) (% of population),SI.POV.DDAY,,,,,,,,,,,,,,,,,,,,,,,,,,,,,,,,,,,,,,,,,,,,,,,,,0.30,,,,,,,,
Kazakhstan,KAZ,Poverty headcount ratio at $1.90 a day (2011 PPP) (% of population),SI.POV.DDAY,,,,,,,,,,,,,,,,,,,,,,,,,,,,,,,,,,,,,6.30,,,,,10.50,6.80,4.50,3.00,0.20,0.60,0.50,0.10,0.20,0.10,0.00,0.10,0.00,0.00,0.00,
Kenya,KEN,Poverty headcount ratio at $1.90 a day (2011 PPP) (% of population),SI.POV.DDAY,,,,,,,,,,,,,,,,,,,,,,,,,,,,,,,,,23.10,,18.80,,,21.50,,,,,,,,33.60,,,,,,,,,,,
Kyrgyz Republic,KGZ,Poverty headcount ratio at $1.90 a day (2011 PPP) (% of population),SI.POV.DDAY,,,,,,,,,,,,,,,,,,,,,,,,,,,,,,,,,,44.30,,,,,30.60,,42.20,36.40,34.20,28.10,13.60,15.40,9.90,9.90,4.00,2.10,4.10,1.80,2.90,3.30,1.30,2.50,
Cambodia,KHM,Poverty headcount ratio at $1.90 a day (2011 PPP) (% of population),SI.POV.DDAY,,,,,,,,,,,,,,,,,,,,,,,,,,,,,,,,,,,,,,,,,,,,,,,,,,,,,,,,,
Kiribati,KIR,Poverty headcount ratio at $1.90 a day (2011 PPP) (% of population),SI.POV.DDAY,,,,,,,,,,,,,,,,,,,,,,,,,,,,,,,,,,,,,,,,,,,,,,,12.90,,,,,,,,,,
St. Kitts and Nevis,KNA,Poverty headcount ratio at $1.90 a day (2011 PPP) (% of population),SI.POV.DDAY,,,,,,,,,,,,,,,,,,,,,,,,,,,,,,,,,,,,,,,,,,,,,,,,,,,,,,,,,
"Korea, Rep.",KOR,Poverty headcount ratio at $1.90 a day (2011 PPP) (% of population),SI.POV.DDAY,,,,,,,,,,,,,,,,,,,,,,,,,,,,,,,,,,,,,,,,,,,,,,,0.30,,0.30,,0.30,,0.30,,,,
Kuwait,KWT,Poverty headcount ratio at $1.90 a day (2011 PPP) (% of population),SI.POV.DDAY,,,,,,,,,,,,,,,,,,,,,,,,,,,,,,,,,,,,,,,,,,,,,,,,,,,,,,,,,
Latin America & Caribbean (excluding high income),LAC,Poverty headcount ratio at $1.90 a day (2011 PPP) (% of population),SI.POV.DDAY,,,,,,,,,,,,,,,,,,,,,,,,,,,,,,,,,,,,,,,,,,,,,,,,,,,,,,,,,
Lao PDR,LAO,Poverty headcount ratio at $1.90 a day (2011 PPP) (% of population),SI.POV.DDAY,,,,,,,,,,,,,,,,,,,,,,,,,,,,,,,,,33.60,,,,,41.00,,,,,33.80,,,,,27.40,,,,,22.70,,,,
Lebanon,LBN,Poverty headcount ratio at $1.90 a day (2011 PPP) (% of population),SI.POV.DDAY,,,,,,,,,,,,,,,,,,,,,,,,,,,,,,,,,,,,,,,,,,,,,,,,,,,,0.00,,,,,
Liberia,LBR,Poverty headcount ratio at $1.90 a day (2011 PPP) (% of population),SI.POV.DDAY,,,,,,,,,,,,,,,,,,,,,,,,,,,,,,,,,,,,,,,,,,,,,,,,68.60,,,,,,,38.60,,
Libya,LBY,Poverty headcount ratio at $1.90 a day (2011 PPP) (% of population),SI.POV.DDAY,,,,,,,,,,,,,,,,,,,,,,,,,,,,,,,,,,,,,,,,,,,,,,,,,,,,,,,,,
St. Lucia,LCA,Poverty headcount ratio at $1.90 a day (2011 PPP) (% of population),SI.POV.DDAY,,,,,,,,,,,,,,,,,,,,,,,,,,,,,,,,,,,,35.80,,,,,,,,,,,,,,,,,,,,,
Latin America & Caribbean,LCN,Poverty headcount ratio at $1.90 a day (2011 PPP) (% of population),SI.POV.DDAY,,,,,,,,,,,,,,,,,,,,,,16.30,,,19.10,,,14.90,,,16.00,,,14.50,,,14.40,,,14.00,,,13.10,,,10.80,,,7.10,,6.40,5.90,5.10,4.90,,,
Least developed countries: UN classification,LDC,Poverty headcount ratio at $1.90 a day (2011 PPP) (% of population),SI.POV.DDAY,,,,,,,,,,,,,,,,,,,,,,,,,,,,,,,,,,,,,,,,,,,,,,,,,,,,,,,,,
Low income,LIC,Poverty headcount ratio at $1.90 a day (2011 PPP) (% of population),SI.POV.DDAY,,,,,,,,,,,,,,,,,,,,,,65.70,,,66.90,,,66.20,,,67.60,,,71.10,,,68.60,,,67.00,,,64.20,,,58.40,,,54.40,,51.80,50.00,47.40,45.50,,,
Liechtenstein,LIE,Poverty headcount ratio at $1.90 a day (2011 PPP) (% of population),SI.POV.DDAY,,,,,,,,,,,,,,,,,,,,,,,,,,,,,,,,,,,,,,,,,,,,,,,,,,,,,,,,,
Sri Lanka,LKA,Poverty headcount ratio at $1.90 a day (2011 PPP) (% of population),SI.POV.DDAY,,,,,,,,,,,,,,,,,,,,,,,,,,13.30,,,,,8.70,,,,,8.80,,,,,,,8.30,,,,3.80,,,2.40,,,1.90,,,,
Lower middle income,LMC,Poverty headcount ratio at $1.90 a day (2011 PPP) (% of population),SI.POV.DDAY,,,,,,,,,,,,,,,,,,,,,,49.30,,,47.80,,,45.70,,,41.90,,,42.70,,,38.40,,,37.30,,,35.00,,,30.10,,,26.40,,22.50,19.40,17.70,15.50,,,
Low & middle income,LMY,Poverty headcount ratio at $1.90 a day (2011 PPP) (% of population),SI.POV.DDAY,,,,,,,,,,,,,,,,,,,,,,53.20,,,49.10,,,43.60,,,43.40,,,41.60,,,35.70,,,34.70,,,31.10,,,24.90,,,21.50,,18.70,16.30,14.90,12.70,,,
Lesotho,LSO,Poverty headcount ratio at $1.90 a day (2011 PPP) (% of population),SI.POV.DDAY,,,,,,,,,,,,,,,,,,,,,,,,,,,74.80,,,,,,,,69.60,,,,,,,,61.30,,,,,,,,59.70,,,,,,
Late-demographic dividend,LTE,Poverty headcount ratio at $1.90 a day (2011 PPP) (% of population),SI.POV.DDAY,,,,,,,,,,,,,,,,,,,,,,,,,,,,,,,,,,,,,,,,,,,,,,,,,,,,,,,,,
Lithuania,LTU,Poverty headcount ratio at $1.90 a day (2011 PPP) (% of population),SI.POV.DDAY,,,,,,,,,,,,,,,,,,,,,,,,,,,,,0.10,,,,,7.00,,,,,,,,,,,2.80,1.80,1.50,1.20,1.40,2.20,1.50,0.70,0.90,0.70,1.20,,
Luxembourg,LUX,Poverty headcount ratio at $1.90 a day (2011 PPP) (% of population),SI.POV.DDAY,,,,,,,,,,,,,,,,,,,,,,,,,,,,,,,,,,,,,,,,,,,,,0.00,0.00,0.00,0.00,0.00,0.00,0.00,0.10,0.00,0.10,0.20,,
Latvia,LVA,Poverty headcount ratio at $1.90 a day (2011 PPP) (% of population),SI.POV.DDAY,,,,,,,,,,,,,,,,,,,,,,,,,,,,,0.00,,,,,0.00,,0.00,1.60,,,,,,,,2.40,2.40,1.10,0.60,1.20,1.70,1.60,1.00,1.00,0.70,0.50,,
"Macao SAR, China",MAC,Poverty headcount ratio at $1.90 a day (2011 PPP) (% of population),SI.POV.DDAY,,,,,,,,,,,,,,,,,,,,,,,,,,,,,,,,,,,,,,,,,,,,,,,,,,,,,,,,,
St. Martin (French part),MAF,Poverty headcount ratio at $1.90 a day (2011 PPP) (% of population),SI.POV.DDAY,,,,,,,,,,,,,,,,,,,,,,,,,,,,,,,,,,,,,,,,,,,,,,,,,,,,,,,,,
Morocco,MAR,Poverty headcount ratio at $1.90 a day (2011 PPP) (% of population),SI.POV.DDAY,,,,,,,,,,,,,,,,,,,,,,,,,11.10,,,,,,2.90,,,,,,,,7.50,,6.30,,,,,,3.10,,,,,,,,,,
Monaco,MCO,Poverty headcount ratio at $1.90 a day (2011 PPP) (% of population),SI.POV.DDAY,,,,,,,,,,,,,,,,,,,,,,,,,,,,,,,,,,,,,,,,,,,,,,,,,,,,,,,,,
Moldova,MDA,Poverty headcount ratio at $1.90 a day (2011 PPP) (% of population),SI.POV.DDAY,,,,,,,,,,,,,,,,,,,,,,,,,,,,,,,,,,,,,,16.10,27.60,39.10,35.90,27.60,16.60,7.60,8.70,13.90,2.40,1.10,1.30,1.00,0.50,0.30,0.30,0.10,0.00,0.00,
Madagascar,MDG,Poverty headcount ratio at $1.90 a day (2011 PPP) (% of population),SI.POV.DDAY,,,,,,,,,,,,,,,,,,,,,44.90,,,,,,,,,,,,,68.90,,,,65.40,,63.90,,68.70,,,,72.00,,,,,78.50,,77.80,,,,
Maldives,MDV,Poverty headcount ratio at $1.90 a day (2011 PPP) (% of population),SI.POV.DDAY,,,,,,,,,,,,,,,,,,,,,,,,,,,,,,,,,,,,,,,,,,,10.00,,,,,,,7.30,,,,,,,
Middle East & North Africa,MEA,Poverty headcount ratio at $1.90 a day (2011 PPP) (% of population),SI.POV.DDAY,,,,,,,,,,,,,,,,,,,,,,,,,9.10,,,9.00,,,6.20,,,6.70,,,5.80,,,3.80,,,3.20,,,3.00,,,2.70,,2.40,2.70,2.60,2.30,,,
Mexico,MEX,Poverty headcount ratio at $1.90 a day (2011 PPP) (% of population),SI.POV.DDAY,,,,,,,,,,,,,,,,,,,,,,,,,7.90,,,,,,,,9.70,,8.60,,14.10,,14.30,,11.00,,8.80,,4.80,,3.30,,3.80,,3.80,,2.70,,3.00,,
Marshall Islands,MHL,Poverty headcount ratio at $1.90 a day (2011 PPP) (% of population),SI.POV.DDAY,,,,,,,,,,,,,,,,,,,,,,,,,,,,,,,,,,,,,,,,,,,,,,,,,,,,,,,,,
Middle income,MIC,Poverty headcount ratio at $1.90 a day (2011 PPP) (% of population),SI.POV.DDAY,,,,,,,,,,,,,,,,,,,,,,,,,,,,,,,,,,,,,,,,,,,,,,,,,,,,,,,,,
"Macedonia, FYR",MKD,Poverty headcount ratio at $1.90 a day (2011 PPP) (% of population),SI.POV.DDAY,,,,,,,,,,,,,,,,,,,,,,,,,,,,,,,,,,,,,,,,,,,,,,,,,,,9.70,10.00,10.10,7.00,6.00,5.00,
Mali,MLI,Poverty headcount ratio at $1.90 a day (2011 PPP) (% of population),SI.POV.DDAY,,,,,,,,,,,,,,,,,,,,,,,,,,,,,,,,,,,84.90,,,,,,,57.90,,,,,50.60,,,49.30,,,,,,,
Malta,MLT,Poverty headcount ratio at $1.90 a day (2011 PPP) (% of population),SI.POV.DDAY,,,,,,,,,,,,,,,,,,,,,,,,,,,,,,,,,,,,,,,,,,,,,,,,,,,,,,,,,
Myanmar,MMR,Poverty headcount ratio at $1.90 a day (2011 PPP) (% of population),SI.POV.DDAY,,,,,,,,,,,,,,,,,,,,,,,,,,,,,,,,,,,,,,,,,,,,,,,,,,,,,,,,6.50,
Middle East & North Africa (excluding high income),MNA,Poverty headcount ratio at $1.90 a day (2011 PPP) (% of population),SI.POV.DDAY,,,,,,,,,,,,,,,,,,,,,,,,,,,,,,,,,,,,,,,,,,,,,,,,,,,,,,,,,
Montenegro,MNE,Poverty headcount ratio at $1.90 a day (2011 PPP) (% of population),SI.POV.DDAY,,,,,,,,,,,,,,,,,,,,,,,,,,,,,,,,,,,,,,,,,,,,,,0.20,0.10,0.40,0.20,0.00,0.00,0.20,1.30,1.00,0.00,,
Mongolia,MNG,Poverty headcount ratio at $1.90 a day (2011 PPP) (% of population),SI.POV.DDAY,,,,,,,,,,,,,,,,,,,,,,,,,,,,,,,,,,,,13.90,,,26.90,,,,10.60,,,,,1.30,,,0.80,0.60,0.40,,0.20,,
Northern Mariana Islands,MNP,Poverty headcount ratio at $1.90 a day (2011 PPP) (% of population),SI.POV.DDAY,,,,,,,,,,,,,,,,,,,,,,,,,,,,,,,,,,,,,,,,,,,,,,,,,,,,,,,,,
Mozambique,MOZ,Poverty headcount ratio at $1.90 a day (2011 PPP) (% of population),SI.POV.DDAY,,,,,,,,,,,,,,,,,,,,,,,,,,,,,,,,,,,,,85.40,,,,,,80.40,,,,,,68.70,,,,,,,,
Mauritania,MRT,Poverty headcount ratio at $1.90 a day (2011 PPP) (% of population),SI.POV.DDAY,,,,,,,,,,,,,,,,,,,,,,,,,,,,40.00,,,,,,41.20,,20.60,,,,,19.60,,,,14.40,,,,10.80,,,,,,5.90,,
Mauritius,MUS,Poverty headcount ratio at $1.90 a day (2011 PPP) (% of population),SI.POV.DDAY,,,,,,,,,,,,,,,,,,,,,,,,,,,,,,,,,,,,,,,,,,,,,,,0.40,,,,,,0.50,,,,
Malawi,MWI,Poverty headcount ratio at $1.90 a day (2011 PPP) (% of population),SI.POV.DDAY,,,,,,,,,,,,,,,,,,,,,,,,,,,,,,,,,,,,,,63.60,,,,,,,73.60,,,,,,70.90,,,,,,
Malaysia,MYS,Poverty headcount ratio at $1.90 a day (2011 PPP) (% of population),SI.POV.DDAY,,,,,,,,,,,,,,,,,,,,,,,,,2.90,,,2.10,,1.60,,,1.30,,,1.80,,0.40,,,,,,,0.40,,,0.50,,0.30,,,,,,,
North America,NAC,Poverty headcount ratio at $1.90 a day (2011 PPP) (% of population),SI.POV.DDAY,,,,,,,,,,,,,,,,,,,,,,,,,,,,,,,,,,,,,,,,,,,,,,,,,,,,,,,,,
Namibia,NAM,Poverty headcount ratio at $1.90 a day (2011 PPP) (% of population),SI.POV.DDAY,,,,,,,,,,,,,,,,,,,,,,,,,,,,,,,,,,,,,,,,,,,,31.50,,,,,,22.60,,,,,,,
New Caledonia,NCL,Poverty headcount ratio at $1.90 a day (2011 PPP) (% of population),SI.POV.DDAY,,,,,,,,,,,,,,,,,,,,,,,,,,,,,,,,,,,,,,,,,,,,,,,,,,,,,,,,,
Niger,NER,Poverty headcount ratio at $1.90 a day (2011 PPP) (% of population),SI.POV.DDAY,,,,,,,,,,,,,,,,,,,,,,,,,,,,,,,,,78.20,,81.40,,,,,,,,,,,74.90,,72.00,,,,50.30,,,45.50,,
Nigeria,NGA,Poverty headcount ratio at $1.90 a day (2011 PPP) (% of population),SI.POV.DDAY,,,,,,,,,,,,,,,,,,,,,,,,,,45.30,,,,,,,57.10,,,,63.50,,,,,,,53.50,,,,,,53.50,,,,,,,
Nicaragua,NIC,Poverty headcount ratio at $1.90 a day (2011 PPP) (% of population),SI.POV.DDAY,,,,,,,,,,,,,,,,,,,,,,,,,,,,,,,,,,36.30,,,,,24.20,,,17.40,,,,9.00,,,,7.60,,,,,3.60,,
Netherlands,NLD,Poverty headcount ratio at $1.90 a day (2011 PPP) (% of population),SI.POV.DDAY,,,,,,,,,,,,,,,,,,,,,,,,,,,,,,,,,,,,,,,,,,,,,0.20,0.10,0.10,0.00,0.10,0.10,0.10,0.10,0.10,0.00,0.00,,
Norway,NOR,Poverty headcount ratio at $1.90 a day (2011 PPP) (% of population),SI.POV.DDAY,,,,,,,,,,,,,,,,,,,,,,,,,,,,,,,,,,,,,,,,,,,,,0.30,0.20,0.20,0.10,0.20,0.10,0.10,0.10,0.10,0.00,0.00,,
Nepal,NPL,Poverty headcount ratio at $1.90 a day (2011 PPP) (% of population),SI.POV.DDAY,,,,,,,,,,,,,,,,,,,,,,,,,,,,,,,,,,,,61.90,,,,,,,,46.10,,,,,,,15.00,,,,,,
Nauru,NRU,Poverty headcount ratio at $1.90 a day (2011 PPP) (% of population),SI.POV.DDAY,,,,,,,,,,,,,,,,,,,,,,,,,,,,,,,,,,,,,,,,,,,,,,,,,,,,,,,,,
New Zealand,NZL,Poverty headcount ratio at $1.90 a day (2011 PPP) (% of population),SI.POV.DDAY,,,,,,,,,,,,,,,,,,,,,,,,,,,,,,,,,,,,,,,,,,,,,,,,,,,,,,,,,
OECD members,OED,Poverty headcount ratio at $1.90 a day (2011 PPP) (% of population),SI.POV.DDAY,,,,,,,,,,,,,,,,,,,,,,,,,,,,,,,,,,,,,,,,,,,,,,,,,,,,,,,,,
Oman,OMN,Poverty headcount ratio at $1.90 a day (2011 PPP) (% of population),SI.POV.DDAY,,,,,,,,,,,,,,,,,,,,,,,,,,,,,,,,,,,,,,,,,,,,,,,,,,,,,,,,,
Other small states,OSS,Poverty headcount ratio at $1.90 a day (2011 PPP) (% of population),SI.POV.DDAY,,,,,,,,,,,,,,,,,,,,,,,,,,,,,,,,,,,,,,,,,,,,,,,,,,,,,,,,,
Pakistan,PAK,Poverty headcount ratio at $1.90 a day (2011 PPP) (% of population),SI.POV.DDAY,,,,,,,,,,,,,,,,,,,,,,,,,,,,62.20,,,59.00,,,,,,15.90,,23.40,,,28.60,,,18.00,16.50,,13.10,,,8.30,7.90,,6.10,,,
Panama,PAN,Poverty headcount ratio at $1.90 a day (2011 PPP) (% of population),SI.POV.DDAY,,,,,,,,,,,,,,,,,,,,9.30,,,,,,,,,,23.80,,21.90,,,,16.30,,15.00,15.20,13.40,14.70,16.40,11.90,11.60,10.80,10.30,11.00,8.10,5.50,3.40,4.60,4.00,4.40,2.90,3.80,2.20,
Peru,PER,Poverty headcount ratio at $1.90 a day (2011 PPP) (% of population),SI.POV.DDAY,,,,,,,,,,,,,,,,,,,,,,,,,,,,,,,,,,,,,,17.90,16.70,17.60,16.70,17.70,15.30,12.20,12.20,14.20,12.40,10.00,7.90,6.30,4.70,4.30,4.10,3.70,3.10,3.00,
Philippines,PHL,Poverty headcount ratio at $1.90 a day (2011 PPP) (% of population),SI.POV.DDAY,,,,,,,,,,,,,,,,,,,,,,,,,,28.10,,,25.10,,,26.60,,,25.00,,,17.70,,,14.50,,,13.10,,,14.70,,,10.70,,,12.10,,,8.30,
Palau,PLW,Poverty headcount ratio at $1.90 a day (2011 PPP) (% of population),SI.POV.DDAY,,,,,,,,,,,,,,,,,,,,,,,,,,,,,,,,,,,,,,,,,,,,,,,,,,,,,,,,,
Papua New Guinea,PNG,Poverty headcount ratio at $1.90 a day (2011 PPP) (% of population),SI.POV.DDAY,,,,,,,,,,,,,,,,,,,,,,,,,,,,,,,,,,,,,53.20,,,,,,,,,,,,,38.00,,,,,,,
Poland,POL,Poverty headcount ratio at $1.90 a day (2011 PPP) (% of population),SI.POV.DDAY,,,,,,,,,,,,,,,,,,,,,,,,,,,,,,,,,,0.10,,,2.60,,0.00,0.10,0.10,0.10,0.10,0.10,0.10,0.10,0.00,0.00,0.00,0.00,0.00,0.00,0.00,0.00,0.00,,
Pre-demographic dividend,PRE,Poverty headcount ratio at $1.90 a day (2011 PPP) (% of population),SI.POV.DDAY,,,,,,,,,,,,,,,,,,,,,,,,,,,,,,,,,,,,,,,,,,,,,,,,,,,,,,,,,
Puerto Rico,PRI,Poverty headcount ratio at $1.90 a day (2011 PPP) (% of population),SI.POV.DDAY,,,,,,,,,,,,,,,,,,,,,,,,,,,,,,,,,,,,,,,,,,,,,,,,,,,,,,,,,
"Korea, Dem. People’s Rep.",PRK,Poverty headcount ratio at $1.90 a day (2011 PPP) (% of population),SI.POV.DDAY,,,,,,,,,,,,,,,,,,,,,,,,,,,,,,,,,,,,,,,,,,,,,,,,,,,,,,,,,
Portugal,PRT,Poverty headcount ratio at $1.90 a day (2011 PPP) (% of population),SI.POV.DDAY,,,,,,,,,,,,,,,,,,,,,,,,,,,,,,,,,,,,,,,,,,,,,0.50,0.50,0.10,0.30,0.10,0.20,0.10,0.50,0.70,0.80,0.50,,
Paraguay,PRY,Poverty headcount ratio at $1.90 a day (2011 PPP) (% of population),SI.POV.DDAY,,,,,,,,,,,,,,,,,,,,,,,,,,,,,,,1.20,,,,,12.40,,10.60,,10.20,,9.10,13.30,9.00,6.60,7.00,10.10,8.50,5.00,6.40,6.10,5.40,3.70,2.20,2.80,2.50,
West Bank and Gaza,PSE,Poverty headcount ratio at $1.90 a day (2011 PPP) (% of population),SI.POV.DDAY,,,,,,,,,,,,,,,,,,,,,,,,,,,,,,,,,,,,,,,,,,,,,1.10,0.90,0.30,1.50,,0.30,0.30,0.20,,,,,
Pacific island small states,PSS,Poverty headcount ratio at $1.90 a day (2011 PPP) (% of population),SI.POV.DDAY,,,,,,,,,,,,,,,,,,,,,,,,,,,,,,,,,,,,,,,,,,,,,,,,,,,,,,,,,
Post-demographic dividend,PST,Poverty headcount ratio at $1.90 a day (2011 PPP) (% of population),SI.POV.DDAY,,,,,,,,,,,,,,,,,,,,,,,,,,,,,,,,,,,,,,,,,,,,,,,,,,,,,,,,,
French Polynesia,PYF,Poverty headcount ratio at $1.90 a day (2011 PPP) (% of population),SI.POV.DDAY,,,,,,,,,,,,,,,,,,,,,,,,,,,,,,,,,,,,,,,,,,,,,,,,,,,,,,,,,
Qatar,QAT,Poverty headcount ratio at $1.90 a day (2011 PPP) (% of population),SI.POV.DDAY,,,,,,,,,,,,,,,,,,,,,,,,,,,,,,,,,,,,,,,,,,,,,,,,,,,,,,,,,
Romania,ROU,Poverty headcount ratio at $1.90 a day (2011 PPP) (% of population),SI.POV.DDAY,,,,,,,,,,,,,,,,,,,,,,,,,,,,,,,,,,,,,,,2.10,6.50,7.50,5.50,5.40,3.90,2.80,2.10,2.40,1.30,0.00,0.00,0.00,0.00,0.00,0.00,,,
Russian Federation,RUS,Poverty headcount ratio at $1.90 a day (2011 PPP) (% of population),SI.POV.DDAY,,,,,,,,,,,,,,,,,,,,,,,,,,,,,,,,,,2.40,,,3.60,1.10,1.70,3.40,2.30,1.20,0.70,0.80,0.70,0.50,0.30,0.10,0.10,0.00,0.10,0.00,0.00,0.00,0.00,0.00,
Rwanda,RWA,Poverty headcount ratio at $1.90 a day (2011 PPP) (% of population),SI.POV.DDAY,,,,,,,,,,,,,,,,,,,,,,,,,62.50,,,,,,,,,,,,,,,,77.00,,,,,68.00,,,,,60.30,,,60.40,,,
South Asia,SAS,Poverty headcount ratio at $1.90 a day (2011 PPP) (% of population),SI.POV.DDAY,,,,,,,,,,,,,,,,,,,,,,54.70,,,52.30,,,48.10,,,44.60,,,44.80,,,40.00,,,,,,38.70,,,33.60,,,29.40,,24.60,19.80,17.50,14.70,,,
Saudi Arabia,SAU,Poverty headcount ratio at $1.90 a day (2011 PPP) (% of population),SI.POV.DDAY,,,,,,,,,,,,,,,,,,,,,,,,,,,,,,,,,,,,,,,,,,,,,,,,,,,,,,,,,
Sudan,SDN,Poverty headcount ratio at $1.90 a day (2011 PPP) (% of population),SI.POV.DDAY,,,,,,,,,,,,,,,,,,,,,,,,,,,,,,,,,,,,,,,,,,,,,,,,,,14.90,,,,,,,
Senegal,SEN,Poverty headcount ratio at $1.90 a day (2011 PPP) (% of population),SI.POV.DDAY,,,,,,,,,,,,,,,,,,,,,,,,,,,,,,,,68.40,,,57.50,,,,,,,49.30,,,,38.40,,,,,,38.00,,,,,
Singapore,SGP,Poverty headcount ratio at $1.90 a day (2011 PPP) (% of population),SI.POV.DDAY,,,,,,,,,,,,,,,,,,,,,,,,,,,,,,,,,,,,,,,,,,,,,,,,,,,,,,,,,
Solomon Islands,SLB,Poverty headcount ratio at $1.90 a day (2011 PPP) (% of population),SI.POV.DDAY,,,,,,,,,,,,,,,,,,,,,,,,,,,,,,,,,,,,,,,,,,,,,,45.60,,,,,,,,25.10,,,
Sierra Leone,SLE,Poverty headcount ratio at $1.90 a day (2011 PPP) (% of population),SI.POV.DDAY,,,,,,,,,,,,,,,,,,,,,,,,,,,,,,65.50,,,,,,,,,,,,,,58.50,,,,,,,,52.30,,,,,
El Salvador,SLV,Poverty headcount ratio at $1.90 a day (2011 PPP) (% of population),SI.POV.DDAY,,,,,,,,,,,,,,,,,,,,,,,,,,,,,,19.00,,20.60,,,,19.90,22.00,,20.00,16.30,11.80,12.70,13.10,15.80,9.90,9.60,6.40,4.50,6.90,6.40,7.20,4.50,4.20,3.30,3.00,1.90,
San Marino,SMR,Poverty headcount ratio at $1.90 a day (2011 PPP) (% of population),SI.POV.DDAY,,,,,,,,,,,,,,,,,,,,,,,,,,,,,,,,,,,,,,,,,,,,,,,,,,,,,,,,,
Somalia,SOM,Poverty headcount ratio at $1.90 a day (2011 PPP) (% of population),SI.POV.DDAY,,,,,,,,,,,,,,,,,,,,,,,,,,,,,,,,,,,,,,,,,,,,,,,,,,,,,,,,,
Serbia,SRB,Poverty headcount ratio at $1.90 a day (2011 PPP) (% of population),SI.POV.DDAY,,,,,,,,,,,,,,,,,,,,,,,,,,,,,,,,,,,,,,,,,,,0.20,0.50,0.90,1.10,0.50,0.30,0.10,0.10,0.10,,,0.20,,,
Sub-Saharan Africa (excluding high income),SSA,Poverty headcount ratio at $1.90 a day (2011 PPP) (% of population),SI.POV.DDAY,,,,,,,,,,,,,,,,,,,,,,,,,,,,,,,,,,,,,,,,,,,,,,,,,,,,,,,,,
South Sudan,SSD,Poverty headcount ratio at $1.90 a day (2011 PPP) (% of population),SI.POV.DDAY,,,,,,,,,,,,,,,,,,,,,,,,,,,,,,,,,,,,,,,,,,,,,,,,,,42.70,,,,,,,
Sub-Saharan Africa,SSF,Poverty headcount ratio at $1.90 a day (2011 PPP) (% of population),SI.POV.DDAY,,,,,,,,,,,,,,,,,,,,,,,,,,,,,,,54.40,,,59.00,,,58.10,,,57.60,,,56.10,,,50.30,,,46.90,,45.70,44.20,42.60,41.00,,,
Small states,SST,Poverty headcount ratio at $1.90 a day (2011 PPP) (% of population),SI.POV.DDAY,,,,,,,,,,,,,,,,,,,,,,,,,,,,,,,,,,,,,,,,,,,,,,,,,,,,,,,,,
Sao Tome and Principe,STP,Poverty headcount ratio at $1.90 a day (2011 PPP) (% of population),SI.POV.DDAY,,,,,,,,,,,,,,,,,,,,,,,,,,,,,,,,,,,,,,,,,29.80,,,,,,,,,,32.30,,,,,,
Suriname,SUR,Poverty headcount ratio at $1.90 a day (2011 PPP) (% of population),SI.POV.DDAY,,,,,,,,,,,,,,,,,,,,,,,,,,,,,,,,,,,,,,,,23.40,,,,,,,,,,,,,,,,,
Slovak Republic,SVK,Poverty headcount ratio at $1.90 a day (2011 PPP) (% of population),SI.POV.DDAY,,,,,,,,,,,,,,,,,,,,,,,,,,,,,0.00,,,,0.00,,,,0.50,,,,,,,,0.10,0.20,0.20,0.30,0.20,0.30,0.40,0.30,0.20,0.20,0.80,,
Slovenia,SVN,Poverty headcount ratio at $1.90 a day (2011 PPP) (% of population),SI.POV.DDAY,,,,,,,,,,,,,,,,,,,,,,,,,,,,0.00,,,,,,0.10,,,,,,,,,,,0.00,0.10,0.10,0.00,0.00,0.00,0.00,0.00,0.00,0.00,0.00,,
Sweden,SWE,Poverty headcount ratio at $1.90 a day (2011 PPP) (% of population),SI.POV.DDAY,,,,,,,,,,,,,,,,,,,,,,,,,,,,,,,,,,,,,,,,,,,,,0.40,1.00,0.30,0.40,0.40,0.30,0.30,0.40,0.40,0.50,0.30,,
Swaziland,SWZ,Poverty headcount ratio at $1.90 a day (2011 PPP) (% of population),SI.POV.DDAY,,,,,,,,,,,,,,,,,,,,,,,,,,,,,,,,,,,81.70,,,,,,48.40,,,,,,,,,42.00,,,,,,,
Sint Maarten (Dutch part),SXM,Poverty headcount ratio at $1.90 a day (2011 PPP) (% of population),SI.POV.DDAY,,,,,,,,,,,,,,,,,,,,,,,,,,,,,,,,,,,,,,,,,,,,,,,,,,,,,,,,,
Seychelles,SYC,Poverty headcount ratio at $1.90 a day (2011 PPP) (% of population),SI.POV.DDAY,,,,,,,,,,,,,,,,,,,,,,,,,,,,,,,,,,,,,,,,,,,,,,,,,,,,,,1.10,,,
Syrian Arab Republic,SYR,Poverty headcount ratio at $1.90 a day (2011 PPP) (% of population),SI.POV.DDAY,,,,,,,,,,,,,,,,,,,,,,,,,,,,,,,,,,,,,,,,,,,,,1.70,,,,,,,,,,,,
Turks and Caicos Islands,TCA,Poverty headcount ratio at $1.90 a day (2011 PPP) (% of population),SI.POV.DDAY,,,,,,,,,,,,,,,,,,,,,,,,,,,,,,,,,,,,,,,,,,,,,,,,,,,,,,,,,
Chad,TCD,Poverty headcount ratio at $1.90 a day (2011 PPP) (% of population),SI.POV.DDAY,,,,,,,,,,,,,,,,,,,,,,,,,,,,,,,,,,,,,,,,,,,,62.90,,,,,,,,38.40,,,,,
East Asia & Pacific (IDA & IBRD countries),TEA,Poverty headcount ratio at $1.90 a day (2011 PPP) (% of population),SI.POV.DDAY,,,,,,,,,,,,,,,,,,,,,,,,,,,,,,,,,,,,,,,,,,,,,,,,,,,,,,,,,
Europe & Central Asia (IDA & IBRD countries),TEC,Poverty headcount ratio at $1.90 a day (2011 PPP) (% of population),SI.POV.DDAY,,,,,,,,,,,,,,,,,,,,,,,,,,,,,,,,,,,,,,,,,,,,,,,,,,,,,,,,,
Togo,TGO,Poverty headcount ratio at $1.90 a day (2011 PPP) (% of population),SI.POV.DDAY,,,,,,,,,,,,,,,,,,,,,,,,,,,,,,,,,,,,,,,,,,,,,,,55.50,,,,,54.20,,,,49.10,
Thailand,THA,Poverty headcount ratio at $1.90 a day (2011 PPP) (% of population),SI.POV.DDAY,,,,,,,,,,,,,,,,,,,,,,19.60,,,,,,,14.30,,9.40,,6.70,,3.20,,2.30,,1.50,2.50,2.50,,1.10,,0.80,,0.70,0.30,0.10,0.20,0.10,0.00,0.10,0.00,,,
Tajikistan,TJK,Poverty headcount ratio at $1.90 a day (2011 PPP) (% of population),SI.POV.DDAY,,,,,,,,,,,,,,,,,,,,,,,,,,,,,,,,,,,,,,,,54.40,,,,30.80,15.40,,,10.30,,4.70,,,24.50,22.60,19.50,4.70,
Turkmenistan,TKM,Poverty headcount ratio at $1.90 a day (2011 PPP) (% of population),SI.POV.DDAY,,,,,,,,,,,,,,,,,,,,,,,,,,,,,,,,,,,,,,,42.30,,,,,,,,,,,,,,,,,,
Latin America & the Caribbean (IDA & IBRD countries),TLA,Poverty headcount ratio at $1.90 a day (2011 PPP) (% of population),SI.POV.DDAY,,,,,,,,,,,,,,,,,,,,,,,,,,,,,,,,,,,,,,,,,,,,,,,,,,,,,,,,,
Timor-Leste,TLS,Poverty headcount ratio at $1.90 a day (2011 PPP) (% of population),SI.POV.DDAY,,,,,,,,,,,,,,,,,,,,,,,,,,,,,,,,,,,,,,,,,,42.50,,,,,,43.50,,,,,,,,,
Middle East & North Africa (IDA & IBRD countries),TMN,Poverty headcount ratio at $1.90 a day (2011 PPP) (% of population),SI.POV.DDAY,,,,,,,,,,,,,,,,,,,,,,,,,,,,,,,,,,,,,,,,,,,,,,,,,,,,,,,,,
Tonga,TON,Poverty headcount ratio at $1.90 a day (2011 PPP) (% of population),SI.POV.DDAY,,,,,,,,,,,,,,,,,,,,,,,,,,,,,,,,,,,,,,,,,,2.80,,,,,,,,1.10,,,,,,,
South Asia (IDA & IBRD),TSA,Poverty headcount ratio at $1.90 a day (2011 PPP) (% of population),SI.POV.DDAY,,,,,,,,,,,,,,,,,,,,,,,,,,,,,,,,,,,,,,,,,,,,,,,,,,,,,,,,,
Sub-Saharan Africa (IDA & IBRD countries),TSS,Poverty headcount ratio at $1.90 a day (2011 PPP) (% of population),SI.POV.DDAY,,,,,,,,,,,,,,,,,,,,,,,,,,,,,,,,,,,,,,,,,,,,,,,,,,,,,,,,,
Trinidad and Tobago,TTO,Poverty headcount ratio at $1.90 a day (2011 PPP) (% of population),SI.POV.DDAY,,,,,,,,,,,,,,,,,,,,,,,,,,,,,0.70,,,,3.40,,,,,,,,,,,,,,,,,,,,,,,,
Tunisia,TUN,Poverty headcount ratio at $1.90 a day (2011 PPP) (% of population),SI.POV.DDAY,,,,,,,,,,,,,,,,,,,,,,,,,,13.90,,,,,9.80,,,,,10.90,,,,,5.30,,,,,3.10,,,,,2.00,,,,,,
Turkey,TUR,Poverty headcount ratio at $1.90 a day (2011 PPP) (% of population),SI.POV.DDAY,,,,,,,,,,,,,,,,,,,,,,,,,,,,1.60,,,,,,,2.60,,,,,,,,1.70,3.70,2.10,2.60,1.90,1.40,0.60,0.90,0.80,0.30,0.30,0.30,0.30,,
Tuvalu,TUV,Poverty headcount ratio at $1.90 a day (2011 PPP) (% of population),SI.POV.DDAY,,,,,,,,,,,,,,,,,,,,,,,,,,,,,,,,,,,,,,,,,,,,,,,,,,,3.30,,,,,,
Tanzania,TZA,Poverty headcount ratio at $1.90 a day (2011 PPP) (% of population),SI.POV.DDAY,,,,,,,,,,,,,,,,,,,,,,,,,,,,,,,,72.10,,,,,,,,,86.00,,,,,,,55.10,,,,49.10,,,,,
Uganda,UGA,Poverty headcount ratio at $1.90 a day (2011 PPP) (% of population),SI.POV.DDAY,,,,,,,,,,,,,,,,,,,,,,,,,,,,,,87.10,,,68.10,,,,59.60,,,64.10,,,62.20,,,53.20,,,,41.50,,,34.60,,,,
Ukraine,UKR,Poverty headcount ratio at $1.90 a day (2011 PPP) (% of population),SI.POV.DDAY,,,,,,,,,,,,,,,,,,,,,,,,,,,,,,,,,,,,5.40,5.40,,,,,,1.70,0.60,0.60,0.30,0.10,0.10,0.00,0.10,0.00,0.00,0.00,0.00,0.00,0.10,
Upper middle income,UMC,Poverty headcount ratio at $1.90 a day (2011 PPP) (% of population),SI.POV.DDAY,,,,,,,,,,,,,,,,,,,,,,54.80,,,47.80,,,38.40,,,41.50,,,36.10,,,27.80,,,26.70,,,21.30,,,13.20,,,9.80,,7.70,5.80,4.90,2.30,,,
Uruguay,URY,Poverty headcount ratio at $1.90 a day (2011 PPP) (% of population),SI.POV.DDAY,,,,,,,,,,,,,,,,,,,,,,0.00,,,,,,,,0.50,,,,,,,,,,,,,,,,,0.90,0.60,0.30,0.30,0.20,0.30,0.40,0.30,0.30,0.30,
United States,USA,Poverty headcount ratio at $1.90 a day (2011 PPP) (% of population),SI.POV.DDAY,,,,,,,,,,,,,,,,,,,,0.70,,,,,,,0.70,,,,,0.70,,,0.70,,,0.70,,,0.70,,,,1.00,,,1.00,,,1.00,,,1.00,,,
Uzbekistan,UZB,Poverty headcount ratio at $1.90 a day (2011 PPP) (% of population),SI.POV.DDAY,,,,,,,,,,,,,,,,,,,,,,,,,,,,,,,,,,,,,,,45.50,,68.10,,65.60,66.80,,,,,,,,,,,,,
St. Vincent and the Grenadines,VCT,Poverty headcount ratio at $1.90 a day (2011 PPP) (% of population),SI.POV.DDAY,,,,,,,,,,,,,,,,,,,,,,,,,,,,,,,,,,,,,,,,,,,,,,,,,,,,,,,,,
"Venezuela, RB",VEN,Poverty headcount ratio at $1.90 a day (2011 PPP) (% of population),SI.POV.DDAY,,,,,,,,,,,,,,,,,,,,,,1.30,,,,,,0.80,,7.80,,,4.30,,,8.60,,,11.40,10.20,,9.60,16.00,20.00,17.50,17.00,9.20,,,,,,,,,,
British Virgin Islands,VGB,Poverty headcount ratio at $1.90 a day (2011 PPP) (% of population),SI.POV.DDAY,,,,,,,,,,,,,,,,,,,,,,,,,,,,,,,,,,,,,,,,,,,,,,,,,,,,,,,,,
Virgin Islands (U.S.),VIR,Poverty headcount ratio at $1.90 a day (2011 PPP) (% of population),SI.POV.DDAY,,,,,,,,,,,,,,,,,,,,,,,,,,,,,,,,,,,,,,,,,,,,,,,,,,,,,,,,,
Vietnam,VNM,Poverty headcount ratio at $1.90 a day (2011 PPP) (% of population),SI.POV.DDAY,,,,,,,,,,,,,,,,,,,,,,,,,,,,,,,,,49.20,,,,,,34.80,,,,38.00,,26.50,,19.50,,14.80,,4.20,,2.80,,2.80,,
Vanuatu,VUT,Poverty headcount ratio at $1.90 a day (2011 PPP) (% of population),SI.POV.DDAY,,,,,,,,,,,,,,,,,,,,,,,,,,,,,,,,,,,,,,,,,,,,,,,,,,,13.10,,,,,,
World,WLD,Poverty headcount ratio at $1.90 a day (2011 PPP) (% of population),SI.POV.DDAY,,,,,,,,,,,,,,,,,,,,,,42.20,,,39.30,,,35.20,,,35.30,,,34.00,,,29.30,,,28.60,,,25.80,,,20.80,,,18.00,,15.70,13.70,12.50,10.70,,,
Samoa,WSM,Poverty headcount ratio at $1.90 a day (2011 PPP) (% of population),SI.POV.DDAY,,,,,,,,,,,,,,,,,,,,,,,,,,,,,,,,,,,,,,,,,,,,,,,,,0.60,,,,,,,,
Kosovo,XKX,Poverty headcount ratio at $1.90 a day (2011 PPP) (% of population),SI.POV.DDAY,,,,,,,,,,,,,,,,,,,,,,,,,,,,,,,,,,,,,,,,,,,,1.70,,3.00,3.20,,,2.70,2.20,1.40,0.60,0.80,,,
"Yemen, Rep.",YEM,Poverty headcount ratio at $1.90 a day (2011 PPP) (% of population),SI.POV.DDAY,,,,,,,,,,,,,,,,,,,,,,,,,,,,,,,,,,,,,,,7.00,,,,,,,9.80,,,,,,,,,18.80,,
South Africa,ZAF,Poverty headcount ratio at $1.90 a day (2011 PPP) (% of population),SI.POV.DDAY,,,,,,,,,,,,,,,,,,,,,,,,,,,,,,,,,,29.30,,,33.80,,,,32.60,,,,,,25.40,,16.90,,,16.60,,,,,
Zambia,ZMB,Poverty headcount ratio at $1.90 a day (2011 PPP) (% of population),SI.POV.DDAY,,,,,,,,,,,,,,,,,,,,,,,,,,,,,,,,54.00,,54.50,,,41.70,,42.10,,,,49.40,,56.70,,60.50,,,,64.40,,,,,57.50,
Zimbabwe,ZWE,Poverty headcount ratio at $1.90 a day (2011 PPP) (% of population),SI.POV.DDAY,,,,,,,,,,,,,,,,,,,,,,,,,,,,,,,,,,,,,,,,,,,,,,,,,,,,21.40,,,,,