Country Name,Country Code,Indicator Name,Indicator Code,1960,1961,1962,1963,1964,1965,1966,1967,1968,1969,1970,1971,1972,1973,1974,1975,1976,1977,1978,1979,1980,1981,1982,1983,1984,1985,1986,1987,1988,1989,1990,1991,1992,1993,1994,1995,1996,1997,1998,1999,2000,2001,2002,2003,2004,2005,2006,2007,2008,2009,2010,2011,2012,2013,2014,2015,,
Aruba,ABW,"Prevalence of underweight, weight for age (% of children under 5)",SH.STA.MALN.ZS,,,,,,,,,,,,,,,,,,,,,,,,,,,,,,,,,,,,,,,,,,,,,,,,,,,,,,,,,,
Afghanistan,AFG,"Prevalence of underweight, weight for age (% of children under 5)",SH.STA.MALN.ZS,,,,,,,,,,,,,,,,,,,,,,,,,,,,,,,,,,,,,,44.90,,,,,,,32.90,,,,,,,,,,,,,
Angola,AGO,"Prevalence of underweight, weight for age (% of children under 5)",SH.STA.MALN.ZS,,,,,,,,,,,,,,,,,,,,,,,,,,,,,,,,,,,,,37.00,,,,,27.50,,,,,,15.60,,,,,,,,,,
Albania,ALB,"Prevalence of underweight, weight for age (% of children under 5)",SH.STA.MALN.ZS,,,,,,,,,,,,,,,,,,,,,,,,,,,,,,,,,,,,,,7.10,,,17.00,,,,,6.60,,,,6.30,,,,,,,,
Andorra,AND,"Prevalence of underweight, weight for age (% of children under 5)",SH.STA.MALN.ZS,,,,,,,,,,,,,,,,,,,,,,,,,,,,,,,,,,,,,,,,,,,,,,,,,,,,,,,,,,
Arab World,ARB,"Prevalence of underweight, weight for age (% of children under 5)",SH.STA.MALN.ZS,,,,,,,,,,,,,,,,,,,,,,,,,,,,,,,,,,,,,,,,,,,,,,,,,,,,,,,,,,
United Arab Emirates,ARE,"Prevalence of underweight, weight for age (% of children under 5)",SH.STA.MALN.ZS,,,,,,,,,,,,,,,,,,,,,,,,,,,,,,,,,,,,,,,,,,,,,,,,,,,,,,,,,,
Argentina,ARG,"Prevalence of underweight, weight for age (% of children under 5)",SH.STA.MALN.ZS,,,,,,,,,,,,,,,,,,,,,,,,,,,,,,,,,,,1.70,,4.70,,,,,,,,,2.30,,,,,,,,,,,,
Armenia,ARM,"Prevalence of underweight, weight for age (% of children under 5)",SH.STA.MALN.ZS,,,,,,,,,,,,,,,,,,,,,,,,,,,,,,,,,,,,,,,2.70,,2.60,,,,,4.20,,,,,5.30,,,,,,,
American Samoa,ASM,"Prevalence of underweight, weight for age (% of children under 5)",SH.STA.MALN.ZS,,,,,,,,,,,,,,,,,,,,,,,,,,,,,,,,,,,,,,,,,,,,,,,,,,,,,,,,,,
Antigua and Barbuda,ATG,"Prevalence of underweight, weight for age (% of children under 5)",SH.STA.MALN.ZS,,,,,,,,,,,,,,,,,,,,,,,,,,,,,,,,,,,,,,,,,,,,,,,,,,,,,,,,,,
Australia,AUS,"Prevalence of underweight, weight for age (% of children under 5)",SH.STA.MALN.ZS,,,,,,,,,,,,,,,,,,,,,,,,,,,,,,,,,,,,0.00,,,,,,,,,,,,0.20,,,,,,,,,,
Austria,AUT,"Prevalence of underweight, weight for age (% of children under 5)",SH.STA.MALN.ZS,,,,,,,,,,,,,,,,,,,,,,,,,,,,,,,,,,,,,,,,,,,,,,,,,,,,,,,,,,
Azerbaijan,AZE,"Prevalence of underweight, weight for age (% of children under 5)",SH.STA.MALN.ZS,,,,,,,,,,,,,,,,,,,,,,,,,,,,,,,,,,,,,8.80,,,,14.00,5.90,,,,,8.40,,,,,,,4.90,,,,
Burundi,BDI,"Prevalence of underweight, weight for age (% of children under 5)",SH.STA.MALN.ZS,,,,,,,,,,,,,,,,,,,,,,,,,,,,30.20,,,,,,,,,,,,,38.90,,,,,35.20,,,,,29.10,,,,,,,
Belgium,BEL,"Prevalence of underweight, weight for age (% of children under 5)",SH.STA.MALN.ZS,,,,,,,,,,,,,,,,,,,,,,,,,,,,,,,,,,,,,,,,,,,,,,,,,,,,,,,,,,
Benin,BEN,"Prevalence of underweight, weight for age (% of children under 5)",SH.STA.MALN.ZS,,,,,,,,,,,,,,,,,,,,,,,,,,,,,,,,,,,,,26.80,,,,,21.50,,,,,20.20,,,,,,,,18.00,,,
Burkina Faso,BFA,"Prevalence of underweight, weight for age (% of children under 5)",SH.STA.MALN.ZS,,,,,,,,,,,,,,,,,,,,,,,,,,,,,,,,,,29.60,,,,,,33.70,,,,35.20,,,37.60,,,26.00,26.20,,,,,,,
Bangladesh,BGD,"Prevalence of underweight, weight for age (% of children under 5)",SH.STA.MALN.ZS,,,,,,,,,,,,,,,,,,,,,,,,63.80,,,66.80,,,,61.50,64.30,63.70,59.00,61.00,58.00,56.70,52.50,53.30,52.00,42.30,45.40,43.10,40.90,42.70,39.20,39.80,41.30,,,,36.80,,31.90,32.90,,,
Bulgaria,BGR,"Prevalence of underweight, weight for age (% of children under 5)",SH.STA.MALN.ZS,,,,,,,,,,,,,,,,,,,,,,,,,,,,,,,,,,,,,,,,,,,,,1.60,,,,,,,,,,,,,
Bahrain,BHR,"Prevalence of underweight, weight for age (% of children under 5)",SH.STA.MALN.ZS,,,,,,,,,,,,,,,,,,,,,,,,,,,,,,6.30,,,,,,7.60,,,,,,,,,,,,,,,,,,,,,,
"Bahamas, The",BHS,"Prevalence of underweight, weight for age (% of children under 5)",SH.STA.MALN.ZS,,,,,,,,,,,,,,,,,,,,,,,,,,,,,,,,,,,,,,,,,,,,,,,,,,,,,,,,,,
Bosnia and Herzegovina,BIH,"Prevalence of underweight, weight for age (% of children under 5)",SH.STA.MALN.ZS,,,,,,,,,,,,,,,,,,,,,,,,,,,,,,,,,,,,,,,,,4.20,,,,,,1.60,,,,,,1.50,,,,,
Belarus,BLR,"Prevalence of underweight, weight for age (% of children under 5)",SH.STA.MALN.ZS,,,,,,,,,,,,,,,,,,,,,,,,,,,,,,,,,,,,,,,,,,,,,,1.30,,,,,,,,,,,,
Belize,BLZ,"Prevalence of underweight, weight for age (% of children under 5)",SH.STA.MALN.ZS,,,,,,,,,,,,,,,,,,,,,,,,,,,,,,,,,5.40,,,,,,,,,,,,,,4.90,,,,,6.20,,,,,,
Bermuda,BMU,"Prevalence of underweight, weight for age (% of children under 5)",SH.STA.MALN.ZS,,,,,,,,,,,,,,,,,,,,,,,,,,,,,,,,,,,,,,,,,,,,,,,,,,,,,,,,,,
Bolivia,BOL,"Prevalence of underweight, weight for age (% of children under 5)",SH.STA.MALN.ZS,,,,,,,,,,,,,,,,,,,,,,12.70,,,,,,,9.80,8.90,9.70,10.20,10.50,,12.60,,,,5.90,,,,,5.90,,,,,4.50,,,,,,,,,
Brazil,BRA,"Prevalence of underweight, weight for age (% of children under 5)",SH.STA.MALN.ZS,,,,,,,,,,,,,,,,,,,,,,,,,,,,,,5.30,,,,,,,4.50,,,,,,3.70,,,,,2.20,,,,,,,,,,
Barbados,BRB,"Prevalence of underweight, weight for age (% of children under 5)",SH.STA.MALN.ZS,,,,,,,,,,,,,,,,,,,,,,5.30,,,,,,,,,,,,,,,,,,,,,,,,,,,,,,,3.50,,,,,
Brunei Darussalam,BRN,"Prevalence of underweight, weight for age (% of children under 5)",SH.STA.MALN.ZS,,,,,,,,,,,,,,,,,,,,,,,,,,,,,,,,,,,,,,,,,,,,,,,,,,9.60,,,,,,,,
Bhutan,BTN,"Prevalence of underweight, weight for age (% of children under 5)",SH.STA.MALN.ZS,,,,,,,,,,,,,,,,,,,,,,,,,,,,34.00,,,,,,,,,,,,14.10,,,,,,,,,10.40,,12.80,,,,,,,
Botswana,BWA,"Prevalence of underweight, weight for age (% of children under 5)",SH.STA.MALN.ZS,,,,,,,,,,,,,,,,,,,,,,,,,,,,,,,,,,,,,15.10,,,,10.70,,,,,,,11.20,,,,,,,,,,
Central African Republic,CAF,"Prevalence of underweight, weight for age (% of children under 5)",SH.STA.MALN.ZS,,,,,,,,,,,,,,,,,,,,,,,,,,,,,,,,,,,23.30,20.40,,,,,21.80,,,,,,28.00,,,,23.50,,,,,,,
Canada,CAN,"Prevalence of underweight, weight for age (% of children under 5)",SH.STA.MALN.ZS,,,,,,,,,,,,1.80,,,,,,,,,,,,,,,,,,,,,,,,,,,,,,,,,,,,,,,,,,,,,,
Central Europe and the Baltics,CEB,"Prevalence of underweight, weight for age (% of children under 5)",SH.STA.MALN.ZS,,,,,,,,,,,,,,,,,,,,,,,,,,,,,,,,,,,,,,,,,,,,,,,,,,,,,,,,,,
Switzerland,CHE,"Prevalence of underweight, weight for age (% of children under 5)",SH.STA.MALN.ZS,,,,,,,,,,,,,,,,,,,,,,,,,,,,,,,,,,,,,,,,,,,,,,,,,,,,,,,,,,
Channel Islands,CHI,"Prevalence of underweight, weight for age (% of children under 5)",SH.STA.MALN.ZS,,,,,,,,,,,,,,,,,,,,,,,,,,,,,,,,,,,,,,,,,,,,,,,,,,,,,,,,,,
Chile,CHL,"Prevalence of underweight, weight for age (% of children under 5)",SH.STA.MALN.ZS,,,,,,,,,,,,,,,,,3.30,2.60,1.90,1.60,1.30,1.10,1.00,1.00,0.80,,2.20,,,,,,,,0.80,0.80,0.70,,0.70,0.70,,0.70,0.70,0.60,0.60,,0.60,0.60,0.50,,,,,0.50,0.50,,,
China,CHN,"Prevalence of underweight, weight for age (% of children under 5)",SH.STA.MALN.ZS,,,,,,,,,,,,,,,,,,,,,,,,,,,,18.70,,,12.60,,14.20,,,10.70,,,6.90,,7.40,,6.80,,,4.50,,,5.10,4.60,3.40,,,,,,,
Cote d'Ivoire,CIV,"Prevalence of underweight, weight for age (% of children under 5)",SH.STA.MALN.ZS,,,,,,,,,,,,,,,,,,,,,,,,,,,10.80,,,,,,,,20.90,,,,18.20,,,,,,,,16.70,29.40,,,,,15.70,,,,,
Cameroon,CMR,"Prevalence of underweight, weight for age (% of children under 5)",SH.STA.MALN.ZS,,,,,,,,,,,,,,,,,,,,,,,,,,,,,,,,18.00,,,,,,,17.80,,,,,,15.10,,16.60,,,,,15.10,,,14.80,,,
"Congo, Dem. Rep.",COD,"Prevalence of underweight, weight for age (% of children under 5)",SH.STA.MALN.ZS,,,,,,,,,,,,,,,,,,,,,,,,,,,,,,,,,,,,30.70,,,,,,33.60,,,,,,28.20,,,24.20,,,23.40,,,,
"Congo, Rep.",COG,"Prevalence of underweight, weight for age (% of children under 5)",SH.STA.MALN.ZS,,,,,,,,,,,,,,,,,,,,,,,,,,,,21.10,,,,,,,,,,,,,,,,,,11.80,,,,,,11.80,,,,12.30,,
Colombia,COL,"Prevalence of underweight, weight for age (% of children under 5)",SH.STA.MALN.ZS,,,,,,,18.60,,,,,,,,,,,,,14.70,,,,,,,8.60,,,8.80,,,,,,6.30,,,,,4.90,,,,,5.10,,,,,3.40,,,,,,,
Comoros,COM,"Prevalence of underweight, weight for age (% of children under 5)",SH.STA.MALN.ZS,,,,,,,,,,,,,,,,,,,,,,,,,,,,,,,,,16.20,,,,22.30,,,,25.00,,,,,,,,,,,,16.90,,,,,
Cabo Verde,CPV,"Prevalence of underweight, weight for age (% of children under 5)",SH.STA.MALN.ZS,,,,,,,,,,,,,,,,,,,,,,,,16.70,,16.50,,,,,,,,,11.80,,,,,,,,,,,,,,,,,,,,,,,
Costa Rica,CRI,"Prevalence of underweight, weight for age (% of children under 5)",SH.STA.MALN.ZS,,,,,,,,,,,,,,,,,,,,,,,5.50,,,,,,,2.40,2.50,2.20,2.00,2.00,1.90,,4.50,,,,,,,,,,,,1.10,,,,,,,,,
Caribbean small states,CSS,"Prevalence of underweight, weight for age (% of children under 5)",SH.STA.MALN.ZS,,,,,,,,,,,,,,,,,,,,,,,,,,,,,,,,,,,,,,,,,,,,,,,,,,,,,,,,,,
Cuba,CUB,"Prevalence of underweight, weight for age (% of children under 5)",SH.STA.MALN.ZS,,,,,,,,,,,,,,,,,,,,,,,,,,,,,,,,,,,,,,,,,3.40,,,,,,,,,,,,,,,,,
Curacao,CUW,"Prevalence of underweight, weight for age (% of children under 5)",SH.STA.MALN.ZS,,,,,,,,,,,,,,,,,,,,,,,,,,,,,,,,,,,,,,,,,,,,,,,,,,,,,,,,,,
Cayman Islands,CYM,"Prevalence of underweight, weight for age (% of children under 5)",SH.STA.MALN.ZS,,,,,,,,,,,,,,,,,,,,,,,,,,,,,,,,,,,,,,,,,,,,,,,,,,,,,,,,,,
Cyprus,CYP,"Prevalence of underweight, weight for age (% of children under 5)",SH.STA.MALN.ZS,,,,,,,,,,,,,,,,,,,,,,,,,,,,,,,,,,,,,,,,,,,,,,,,,,,,,,,,,,
Czech Republic,CZE,"Prevalence of underweight, weight for age (% of children under 5)",SH.STA.MALN.ZS,,,,,,,,,,,,,,,,,,,,,,,,,,,,,,,,0.90,,,,,,,,,,2.10,,,,,,,,,,,,,,,,
Germany,DEU,"Prevalence of underweight, weight for age (% of children under 5)",SH.STA.MALN.ZS,,,,,,,,,,,,,,,,,,,,,,,,,,,,,,,,,,,,,,,,,,,,,,1.10,,,,,,,,,,,,
Djibouti,DJI,"Prevalence of underweight, weight for age (% of children under 5)",SH.STA.MALN.ZS,,,,,,,,,,,,,,,,,,,,,,,,,,,,,,20.20,,,,,,,16.00,,,,,,25.40,,,,29.60,,,,,,29.80,,,,,
Dominica,DMA,"Prevalence of underweight, weight for age (% of children under 5)",SH.STA.MALN.ZS,,,,,,,,,,,,,,,,,,,,,,,,,,,,,,,,,,,,,,,,,,,,,,,,,,,,,,,,,,
Denmark,DNK,"Prevalence of underweight, weight for age (% of children under 5)",SH.STA.MALN.ZS,,,,,,,,,,,,,,,,,,,,,,,,,,,,,,,,,,,,,,,,,,,,,,,,,,,,,,,,,,
Dominican Republic,DOM,"Prevalence of underweight, weight for age (% of children under 5)",SH.STA.MALN.ZS,,,,,,,,,,,,,,,,,,,,,,,,,,,9.30,,,,,8.40,,,,,4.70,,,,3.50,,4.20,,,,4.60,3.40,,,,,,4.00,,,,
Algeria,DZA,"Prevalence of underweight, weight for age (% of children under 5)",SH.STA.MALN.ZS,,,,,,,,,,,,,,,,,,,,,,,,,,,,8.00,,,,,9.20,,,11.30,,,,,5.40,,11.10,,,3.70,,,,,,,3.00,,,,,
East Asia & Pacific (excluding high income),EAP,"Prevalence of underweight, weight for age (% of children under 5)",SH.STA.MALN.ZS,,,,,,,,,,,,,,,,,,,,,,,,,,,,,,,,,,,,,,,,,,,,,,,,,,,,,,,,,,
Early-demographic dividend,EAR,"Prevalence of underweight, weight for age (% of children under 5)",SH.STA.MALN.ZS,,,,,,,,,,,,,,,,,,,,,,,,,,,,,,,,,,,,,,,,,,,,,,,,,,,,,,,,,,
East Asia & Pacific,EAS,"Prevalence of underweight, weight for age (% of children under 5)",SH.STA.MALN.ZS,,,,,,,,,,,,,,,,,,,,,,,,,,,,,,,17.80,,,,,14.40,,,,,12.00,,,,,9.80,,,,,7.80,,,,,6.30,6.00,
Europe & Central Asia (excluding high income),ECA,"Prevalence of underweight, weight for age (% of children under 5)",SH.STA.MALN.ZS,,,,,,,,,,,,,,,,,,,,,,,,,,,,,,,,,,,,,,,,,,,,,,,,,,,,,,,,,,
Europe & Central Asia,ECS,"Prevalence of underweight, weight for age (% of children under 5)",SH.STA.MALN.ZS,,,,,,,,,,,,,,,,,,,,,,,,,,,,,,,,,,,,,,,,,,,,,,,,,,,,,,,,,,
Ecuador,ECU,"Prevalence of underweight, weight for age (% of children under 5)",SH.STA.MALN.ZS,,,,,,,,,,,,,,,,,,,,,,,,,,,14.50,,,,,,,,,,,,12.50,,,,,,6.20,,,,,,,,6.40,,,,,
"Egypt, Arab Rep.",EGY,"Prevalence of underweight, weight for age (% of children under 5)",SH.STA.MALN.ZS,,,,,,,,,,,,,,,,,,,13.90,,,,,,,,,,11.60,,,10.50,,8.20,,10.80,,10.20,9.40,,4.30,,,8.70,,5.40,,,6.80,,,,,,7.00,,,
Euro area,EMU,"Prevalence of underweight, weight for age (% of children under 5)",SH.STA.MALN.ZS,,,,,,,,,,,,,,,,,,,,,,,,,,,,,,,,,,,,,,,,,,,,,,,,,,,,,,,,,,
Eritrea,ERI,"Prevalence of underweight, weight for age (% of children under 5)",SH.STA.MALN.ZS,,,,,,,,,,,,,,,,,,,,,,,,,,,,,,,,,,36.90,,38.30,,,,,,,34.50,,,,,,,,38.80,,,,,,,
Spain,ESP,"Prevalence of underweight, weight for age (% of children under 5)",SH.STA.MALN.ZS,,,,,,,,,,,,,,,,,,,,,,,,,,,,,,,,,,,,,,,,,,,,,,,,,,,,,,,,,,
Estonia,EST,"Prevalence of underweight, weight for age (% of children under 5)",SH.STA.MALN.ZS,,,,,,,,,,,,,,,,,,,,,,,,,,,,,,,,,,,,,,,,,,,,,,,,,,,,,,,,,,
Ethiopia,ETH,"Prevalence of underweight, weight for age (% of children under 5)",SH.STA.MALN.ZS,,,,,,,,,,,,,,,,,,,,,,,,,,,,,,,,,43.30,,,,,,,,42.00,,,,,34.60,,,,,,29.20,,,25.20,,,
European Union,EUU,"Prevalence of underweight, weight for age (% of children under 5)",SH.STA.MALN.ZS,,,,,,,,,,,,,,,,,,,,,,,,,,,,,,,,,,,,,,,,,,,,,,,,,,,,,,,,,,
Fragile and conflict affected situations,FCS,"Prevalence of underweight, weight for age (% of children under 5)",SH.STA.MALN.ZS,,,,,,,,,,,,,,,,,,,,,,,,,,,,,,,,,,,,,,,,,,,,,,,,,,,,,,,,,,
Finland,FIN,"Prevalence of underweight, weight for age (% of children under 5)",SH.STA.MALN.ZS,,,,,,,,,,,,,,,,,,,,,,,,,,,,,,,,,,,,,,,,,,,,,,,,,,,,,,,,,,
Fiji,FJI,"Prevalence of underweight, weight for age (% of children under 5)",SH.STA.MALN.ZS,,,,,,,,,,,,,,,,,,,,,,,,,,,,,,,,,,6.90,,,,,,,,,,,5.30,,,,,,,,,,,,,
France,FRA,"Prevalence of underweight, weight for age (% of children under 5)",SH.STA.MALN.ZS,,,,,,,,,,,,,,,,,,,,,,,,,,,,,,,,,,,,,,,,,,,,,,,,,,,,,,,,,,
Faroe Islands,FRO,"Prevalence of underweight, weight for age (% of children under 5)",SH.STA.MALN.ZS,,,,,,,,,,,,,,,,,,,,,,,,,,,,,,,,,,,,,,,,,,,,,,,,,,,,,,,,,,
"Micronesia, Fed. Sts.",FSM,"Prevalence of underweight, weight for age (% of children under 5)",SH.STA.MALN.ZS,,,,,,,,,,,,,,,,,,,,,,,,,,,,,,,,,,,,,,,,,,,,,,,,,,,,,,,,,,
Gabon,GAB,"Prevalence of underweight, weight for age (% of children under 5)",SH.STA.MALN.ZS,,,,,,,,,,,,,,,,,,,,,,,,,,,,,,,,,,,,,,,,,8.80,,,,,,,,,,,,6.50,,,,,
United Kingdom,GBR,"Prevalence of underweight, weight for age (% of children under 5)",SH.STA.MALN.ZS,,,,,,,,,,,,,,,,,1.90,,,,,,,,,,,,,,,,,,,,,,,,,,,,,,,,,,,,,,,,,
Georgia,GEO,"Prevalence of underweight, weight for age (% of children under 5)",SH.STA.MALN.ZS,,,,,,,,,,,,,,,,,,,,,,,,,,,,,,,,,,,,,,,,2.70,,,,,,2.30,,,,1.10,,,,,,,,
Ghana,GHA,"Prevalence of underweight, weight for age (% of children under 5)",SH.STA.MALN.ZS,,,,,,,,,,,,,,,,,,,,,,,,,,,,,24.10,,,,,25.10,,,,,,20.30,,,,18.80,,,13.90,,14.30,,,13.40,,,11.20,,,
Gibraltar,GIB,"Prevalence of underweight, weight for age (% of children under 5)",SH.STA.MALN.ZS,,,,,,,,,,,,,,,,,,,,,,,,,,,,,,,,,,,,,,,,,,,,,,,,,,,,,,,,,,
Guinea,GIN,"Prevalence of underweight, weight for age (% of children under 5)",SH.STA.MALN.ZS,,,,,,,,,,,,,,,,,,,,,,,,,,,,,,,,,,,21.20,,,,,21.20,29.10,,,,,22.50,,20.80,,,,,16.30,,,,,
"Gambia, The",GMB,"Prevalence of underweight, weight for age (% of children under 5)",SH.STA.MALN.ZS,,,,,,,,,,,,,,,,,,,,,,,,,,,,,,,,,,,,,23.20,,,,15.40,,,,,,15.80,,,,17.40,,,16.40,,,,
Guinea-Bissau,GNB,"Prevalence of underweight, weight for age (% of children under 5)",SH.STA.MALN.ZS,,,,,,,,,,,,,,,,,,,,,,,,,,,,,,,,,,,,,,,,,21.90,,,,,,17.40,,16.60,,18.10,,,,17.00,,,
Equatorial Guinea,GNQ,"Prevalence of underweight, weight for age (% of children under 5)",SH.STA.MALN.ZS,,,,,,,,,,,,,,,,,,,,,,,,,,,,,,,,,,,,,,13.80,,,15.70,,,,10.60,,,,,,5.60,,,,,,,
Greece,GRC,"Prevalence of underweight, weight for age (% of children under 5)",SH.STA.MALN.ZS,,,,,,,,,,,,,,,,,,,,,,,,,,,,,,,,,,,,,,,,,,,,0.30,,,,,,,,,,,,,,
Grenada,GRD,"Prevalence of underweight, weight for age (% of children under 5)",SH.STA.MALN.ZS,,,,,,,,,,,,,,,,,,,,,,,,,,,,,,,,,,,,,,,,,,,,,,,,,,,,,,,,,,
Greenland,GRL,"Prevalence of underweight, weight for age (% of children under 5)",SH.STA.MALN.ZS,,,,,,,,,,,,,,,,,,,,,,,,,,,,,,,,,,,,,,,,,,,,,,,,,,,,,,,,,,
Guatemala,GTM,"Prevalence of underweight, weight for age (% of children under 5)",SH.STA.MALN.ZS,,,,,,,,,,,,,,,,,,,,,,,,,,,,27.80,,,,,,,,21.70,,,,20.30,19.60,,17.70,,,,,,,13.00,,,,,,12.60,,
Guam,GUM,"Prevalence of underweight, weight for age (% of children under 5)",SH.STA.MALN.ZS,,,,,,,,,,,,,,,,,,,,,,,,,,,,,,,,,,,,,,,,,,,,,,,,,,,,,,,,,,
Guyana,GUY,"Prevalence of underweight, weight for age (% of children under 5)",SH.STA.MALN.ZS,,,,,,,,,,,,22.00,,,,,,,,,,19.50,,,,,,,,,,,,16.10,,,,10.30,,,11.90,,,,,,10.80,,,11.10,,,,,8.50,,,
High income,HIC,"Prevalence of underweight, weight for age (% of children under 5)",SH.STA.MALN.ZS,,,,,,,,,,,,,,,,,,,,,,,,,,,,,,,1.80,,,,,1.60,,,,,1.40,,,,,1.20,,,,,1.10,,,,,1.00,0.90,
"Hong Kong SAR, China",HKG,"Prevalence of underweight, weight for age (% of children under 5)",SH.STA.MALN.ZS,,,,,,,,,,,,,,,,,,,,,,,,,,,,,,,,,,,,,,,,,,,,,,,,,,,,,,,,,,
Honduras,HND,"Prevalence of underweight, weight for age (% of children under 5)",SH.STA.MALN.ZS,,,,,,,,,,,,,,,,,,,,,,,,,,,,18.10,,,,,15.80,,16.10,,19.20,,,,,12.50,,,,,8.60,,,,,,7.10,,,,,
Heavily indebted poor countries (HIPC),HPC,"Prevalence of underweight, weight for age (% of children under 5)",SH.STA.MALN.ZS,,,,,,,,,,,,,,,,,,,,,,,,,,,,,,,,,,,,,,,,,,,,,,,,,,,,,,,,,,
Croatia,HRV,"Prevalence of underweight, weight for age (% of children under 5)",SH.STA.MALN.ZS,,,,,,,,,,,,,,,,,,,,,,,,,,,,,,,,,,,0.60,0.50,0.50,,,,,,,,,,,,,,,,,,,,,
Haiti,HTI,"Prevalence of underweight, weight for age (% of children under 5)",SH.STA.MALN.ZS,,,,,,,,,,,,,,,,,,,33.50,,,,,,,,,,,,23.70,,,,24.00,,,,,,13.90,,,,,,18.90,,,,,,11.60,,,,,
Hungary,HUN,"Prevalence of underweight, weight for age (% of children under 5)",SH.STA.MALN.ZS,,,,,,,,,,,,,,,,,,,,,,,,,2.30,,,,,,,,,,,,,,,,,,,,,,,,,,,,,,,,,
IBRD only,IBD,"Prevalence of underweight, weight for age (% of children under 5)",SH.STA.MALN.ZS,,,,,,,,,,,,,,,,,,,,,,,,,,,,,,,,,,,,,,,,,,,,,,,,,,,,,,,,,,
IDA & IBRD total,IBT,"Prevalence of underweight, weight for age (% of children under 5)",SH.STA.MALN.ZS,,,,,,,,,,,,,,,,,,,,,,,,,,,,,,,,,,,,,,,,,,,,,,,,,,,,,,,,,,
IDA total,IDA,"Prevalence of underweight, weight for age (% of children under 5)",SH.STA.MALN.ZS,,,,,,,,,,,,,,,,,,,,,,,,,,,,,,,,,,,,,,,,,,,,,,,,,,,,,,,,,,
IDA blend,IDB,"Prevalence of underweight, weight for age (% of children under 5)",SH.STA.MALN.ZS,,,,,,,,,,,,,,,,,,,,,,,,,,,,,,,,,,,,,,,,,,,,,,,,,,,,,,,,,,
Indonesia,IDN,"Prevalence of underweight, weight for age (% of children under 5)",SH.STA.MALN.ZS,,,,,,,,,,,,,,,,,,,,,,,,,,,,35.90,,31.00,,,29.80,,,27.40,,,25.80,22.80,24.80,23.40,23.00,23.10,19.70,24.40,,19.60,,,18.60,,,19.90,,,,
IDA only,IDX,"Prevalence of underweight, weight for age (% of children under 5)",SH.STA.MALN.ZS,,,,,,,,,,,,,,,,,,,,,,,,,,,,,,,,,,,,,,,,,,,,,,,,,,,,,,,,,,
Isle of Man,IMN,"Prevalence of underweight, weight for age (% of children under 5)",SH.STA.MALN.ZS,,,,,,,,,,,,,,,,,,,,,,,,,,,,,,,,,,,,,,,,,,,,,,,,,,,,,,,,,,
India,IND,"Prevalence of underweight, weight for age (% of children under 5)",SH.STA.MALN.ZS,,,,,,,,,,,,,,,,,,67.30,,,,,,,,,,,,59.50,,,50.70,,,,,41.10,,44.40,,,,,,,43.50,,,,,,,,29.40,,,
Not classified,INX,"Prevalence of underweight, weight for age (% of children under 5)",SH.STA.MALN.ZS,,,,,,,,,,,,,,,,,,,,,,,,,,,,,,,,,,,,,,,,,,,,,,,,,,,,,,,,,,
Ireland,IRL,"Prevalence of underweight, weight for age (% of children under 5)",SH.STA.MALN.ZS,,,,,,,,,,,,,,,,,,,,,,,,,,,,,,,,,,,,,,,,,,,,,,,,,,,,,,,,,,
"Iran, Islamic Rep.",IRN,"Prevalence of underweight, weight for age (% of children under 5)",SH.STA.MALN.ZS,,,,,,,,,,,,,,,,,,,,,,,,,,,,,,,,,,,,13.80,,,9.50,,,,,,4.60,,,,,,,,,,,,,
Iraq,IRQ,"Prevalence of underweight, weight for age (% of children under 5)",SH.STA.MALN.ZS,,,,,,,,,,,,,,,,,,,,,,,,,,,,,,,,10.40,,,,,,,,,12.90,,,10.10,8.00,,7.10,,,,,8.50,,,,,,
Iceland,ISL,"Prevalence of underweight, weight for age (% of children under 5)",SH.STA.MALN.ZS,,,,,,,,,,,,,,,,,,,,,,,,,,,,,,,,,,,,,,,,,,,,,,,,,,,,,,,,,,
Israel,ISR,"Prevalence of underweight, weight for age (% of children under 5)",SH.STA.MALN.ZS,,,,,,,,,,,,,,,,,,,,,,,,,,,,,,,,,,,,,,,,,,,,,,,,,,,,,,,,,,
Italy,ITA,"Prevalence of underweight, weight for age (% of children under 5)",SH.STA.MALN.ZS,,,,,,,,,,,,,,,,,1.30,,,,,,,,,,,,,,,,,,,,,,,,,,,,,,,,,,,,,,,,,
Jamaica,JAM,"Prevalence of underweight, weight for age (% of children under 5)",SH.STA.MALN.ZS,,,,,,,,,,,,,,,,,,,8.10,,,,,,,,,,,6.30,,4.00,7.00,8.90,4.50,4.00,5.60,3.50,3.40,2.30,3.80,4.10,2.60,,3.10,,3.70,1.80,2.00,,3.20,,2.50,,,,,
Jordan,JOR,"Prevalence of underweight, weight for age (% of children under 5)",SH.STA.MALN.ZS,,,,,,,,,,,,,,,,,,,,,,,,,,,,,,,4.80,,,,,,,3.80,,,,,3.60,,,,,,,1.90,,,3.00,,,,,
Japan,JPN,"Prevalence of underweight, weight for age (% of children under 5)",SH.STA.MALN.ZS,,,,,,,,,,,,,,,,,,,,,3.20,,,,,,,,,,,,,,,,,,,,,,,,,,,,,,3.40,,,,,,,
Kazakhstan,KAZ,"Prevalence of underweight, weight for age (% of children under 5)",SH.STA.MALN.ZS,,,,,,,,,,,,,,,,,,,,,,,,,,,,,,,,,,,,6.70,,,,3.80,,,,,,,4.90,,,,3.70,,,,,,,
Kenya,KEN,"Prevalence of underweight, weight for age (% of children under 5)",SH.STA.MALN.ZS,,,,,,,,,,,,,,,,,,,,,,,,,,,,,,,,,,20.10,19.80,,,,17.60,,17.50,,,16.50,,18.40,,,,16.40,,,,,11.00,,,
Kyrgyz Republic,KGZ,"Prevalence of underweight, weight for age (% of children under 5)",SH.STA.MALN.ZS,,,,,,,,,,,,,,,,,,,,,,,,,,,,,,,,,,,,,,8.20,,,,,,,,,2.70,,,4.70,,,3.70,,2.80,,,
Cambodia,KHM,"Prevalence of underweight, weight for age (% of children under 5)",SH.STA.MALN.ZS,,,,,,,,,,,,,,,,,,,,,,,,,,,,,,,,,,,,,42.60,,,,39.50,,,,,28.40,,,28.80,,29.00,,,,24.20,,,
Kiribati,KIR,"Prevalence of underweight, weight for age (% of children under 5)",SH.STA.MALN.ZS,,,,,,,,,,,,,,,,,,,,,,,,,,11.30,,,,,,,,,,,,,,,,,,,,,,,,14.90,,,,,,,,
St. Kitts and Nevis,KNA,"Prevalence of underweight, weight for age (% of children under 5)",SH.STA.MALN.ZS,,,,,,,,,,,,,,,,,,,,,,,,,,,,,,,,,,,,,,,,,,,,,,,,,,,,,,,,,,
"Korea, Rep.",KOR,"Prevalence of underweight, weight for age (% of children under 5)",SH.STA.MALN.ZS,,,,,,,,,,,,,,,,,,,,,,,,,,,,,,,,,,,,,,,,,,,,0.90,,,,,,,0.60,,,,,,,
Kuwait,KWT,"Prevalence of underweight, weight for age (% of children under 5)",SH.STA.MALN.ZS,,,,,,,,,,,,,,,,,,,,,,,,,5.60,,,,,,,,,,9.20,,1.50,,,,,2.20,2.10,2.30,2.80,2.70,2.70,2.90,2.30,1.70,1.70,2.10,2.20,3.10,3.00,,,
Latin America & Caribbean (excluding high income),LAC,"Prevalence of underweight, weight for age (% of children under 5)",SH.STA.MALN.ZS,,,,,,,,,,,,,,,,,,,,,,,,,,,,,,,,,,,,,,,,,,,,,,,,,,,,,,,,,,
Lao PDR,LAO,"Prevalence of underweight, weight for age (% of children under 5)",SH.STA.MALN.ZS,,,,,,,,,,,,,,,,,,,,,,,,,,,,,,,,,,39.80,35.90,,,,,,36.40,,,,,,31.60,,,,,26.50,,,,,,
Lebanon,LBN,"Prevalence of underweight, weight for age (% of children under 5)",SH.STA.MALN.ZS,,,,,,,,,,,,,,,,,,,,,,,,,,,,,,,,,,,,,3.50,,,,,,,,4.20,,,,,,,,,,,,,
Liberia,LBR,"Prevalence of underweight, weight for age (% of children under 5)",SH.STA.MALN.ZS,,,,,,,,,,,,,,,,,17.80,,,,,,,,,,,,,,,,,,,,,,,,22.80,,,,,,,20.40,,,,,,15.30,,,,
Libya,LBY,"Prevalence of underweight, weight for age (% of children under 5)",SH.STA.MALN.ZS,,,,,,,,,,,,,,,,,,,,,,,,,,,,,,,,,,,,4.30,,,,,,,,,,,,5.60,,,,,,,,,,
St. Lucia,LCA,"Prevalence of underweight, weight for age (% of children under 5)",SH.STA.MALN.ZS,,,,,,,,,,,,,,,,,12.10,,,,,,,,,,,,,,,,,,,,,,,,,,,,,,,,,,,,2.80,,,,,
Latin America & Caribbean,LCN,"Prevalence of underweight, weight for age (% of children under 5)",SH.STA.MALN.ZS,,,,,,,,,,,,,,,,,,,,,,,,,,,,,,,7.60,,,,,6.40,,,,,5.30,,,,,4.40,,,,,3.70,,,,,3.00,2.90,
Least developed countries: UN classification,LDC,"Prevalence of underweight, weight for age (% of children under 5)",SH.STA.MALN.ZS,,,,,,,,,,,,,,,,,,,,,,,,,,,,,,,,,,,,,,,,,,,,,,,,,,,,,,,,,,
Low income,LIC,"Prevalence of underweight, weight for age (% of children under 5)",SH.STA.MALN.ZS,,,,,,,,,,,,,,,,,,,,,,,,,,,,,,,33.90,,,,,30.80,,,,,27.90,,,,,25.10,,,,,22.60,,,,,20.20,19.80,
Liechtenstein,LIE,"Prevalence of underweight, weight for age (% of children under 5)",SH.STA.MALN.ZS,,,,,,,,,,,,,,,,,,,,,,,,,,,,,,,,,,,,,,,,,,,,,,,,,,,,,,,,,,
Sri Lanka,LKA,"Prevalence of underweight, weight for age (% of children under 5)",SH.STA.MALN.ZS,,,,,,,,,,,,,,,,,,,49.80,,,,,,,,,29.30,,,,,,33.80,,29.30,,,,,22.80,,,,,,,21.10,,21.60,,,26.30,,,,,
Lower middle income,LMC,"Prevalence of underweight, weight for age (% of children under 5)",SH.STA.MALN.ZS,,,,,,,,,,,,,,,,,,,,,,,,,,,,,,,39.90,,,,,35.90,,,,,32.10,,,,,28.50,,,,,25.20,,,,,22.10,21.50,
Low & middle income,LMY,"Prevalence of underweight, weight for age (% of children under 5)",SH.STA.MALN.ZS,,,,,,,,,,,,,,,,,,,,,,,,,,,,,,,27.80,,,,,25.30,,,,,23.10,,,,,20.60,,,,,18.00,,,,,15.70,15.30,
Lesotho,LSO,"Prevalence of underweight, weight for age (% of children under 5)",SH.STA.MALN.ZS,,,,,,,,,,,,,,,,,15.20,,,,,,,,,,,,,,,,13.80,18.90,,,,,,,15.00,,,,16.60,,,,,13.50,,,,,10.30,,,
Late-demographic dividend,LTE,"Prevalence of underweight, weight for age (% of children under 5)",SH.STA.MALN.ZS,,,,,,,,,,,,,,,,,,,,,,,,,,,,,,,,,,,,,,,,,,,,,,,,,,,,,,,,,,
Lithuania,LTU,"Prevalence of underweight, weight for age (% of children under 5)",SH.STA.MALN.ZS,,,,,,,,,,,,,,,,,,,,,,,,,,,,,,,,,,,,,,,,,,,,,,,,,,,,,,,,,,
Luxembourg,LUX,"Prevalence of underweight, weight for age (% of children under 5)",SH.STA.MALN.ZS,,,,,,,,,,,,,,,,,,,,,,,,,,,,,,,,,,,,,,,,,,,,,,,,,,,,,,,,,,
Latvia,LVA,"Prevalence of underweight, weight for age (% of children under 5)",SH.STA.MALN.ZS,,,,,,,,,,,,,,,,,,,,,,,,,,,,,,,,,,,,,,,,,,,,,,,,,,,,,,,,,,
"Macao SAR, China",MAC,"Prevalence of underweight, weight for age (% of children under 5)",SH.STA.MALN.ZS,,,,,,,,,,,,,,,,,,,,,,,,,,,,,,,,,,,,,,,,,,,,,,,,,,,,,,,,,,
St. Martin (French part),MAF,"Prevalence of underweight, weight for age (% of children under 5)",SH.STA.MALN.ZS,,,,,,,,,,,,,,,,,,,,,,,,,,,,,,,,,,,,,,,,,,,,,,,,,,,,,,,,,,
Morocco,MAR,"Prevalence of underweight, weight for age (% of children under 5)",SH.STA.MALN.ZS,,,,,,,,,,,,,,,,,,,,,,,,,,,,12.70,,,,,8.10,,,,,7.70,,,,,,9.90,,,,,,,,3.10,,,,,,
Monaco,MCO,"Prevalence of underweight, weight for age (% of children under 5)",SH.STA.MALN.ZS,,,,,,,,,,,,,,,,,,,,,,,,,,,,,,,,,,,,,,,,,,,,,,,,,,,,,,,,,,
Moldova,MDA,"Prevalence of underweight, weight for age (% of children under 5)",SH.STA.MALN.ZS,,,,,,,,,,,,,,,,,,,,,,,,,,,,,,,,,,,,,,,,,,,,,,3.20,,,,,,,2.20,,,,,
Madagascar,MDG,"Prevalence of underweight, weight for age (% of children under 5)",SH.STA.MALN.ZS,,,,,,,,,,,,,,,,,,,,,,,,,29.70,,,,,,,,35.50,40.90,,30.40,,35.50,,,,,,,36.80,,,,,,,,,,,,,
Maldives,MDV,"Prevalence of underweight, weight for age (% of children under 5)",SH.STA.MALN.ZS,,,,,,,,,,,,,,,,,,,,,,,,,,,,,,,,,,,32.50,39.00,,41.50,,,,25.70,,,,,,,,17.80,,,,,,,,
Middle East & North Africa,MEA,"Prevalence of underweight, weight for age (% of children under 5)",SH.STA.MALN.ZS,,,,,,,,,,,,,,,,,,,,,,,,,,,,,,,11.90,,,,,10.20,,,,,8.80,,,,,7.50,,,,,6.40,,,,,5.50,5.30,
Mexico,MEX,"Prevalence of underweight, weight for age (% of children under 5)",SH.STA.MALN.ZS,,,,,,,,,,,,,,,,,,,,,,,,,,,,,12.40,13.90,,,,,,,14.80,,6.00,,,,,,,,3.40,,,,,,2.80,,,,,
Marshall Islands,MHL,"Prevalence of underweight, weight for age (% of children under 5)",SH.STA.MALN.ZS,,,,,,,,,,,,,,,,,,,,,,,,,,,,,,,,,,,,,,,,,,,,,,,,,,,,,,,,,,
Middle income,MIC,"Prevalence of underweight, weight for age (% of children under 5)",SH.STA.MALN.ZS,,,,,,,,,,,,,,,,,,,,,,,,,,,,,,,27.10,,,,,24.60,,,,,22.30,,,,,19.80,,,,,17.20,,,,,14.80,14.40,
"Macedonia, FYR",MKD,"Prevalence of underweight, weight for age (% of children under 5)",SH.STA.MALN.ZS,,,,,,,,,,,,,,,,,,,,,,,,,,,,,,,,,,,,,,,,1.90,,,,,1.20,1.80,,,,,,1.30,,,,,,
Mali,MLI,"Prevalence of underweight, weight for age (% of children under 5)",SH.STA.MALN.ZS,,,,,,,,,,,,,,,,,,,,,,,,,,,,29.00,,,,,,,,,38.20,,,,,30.10,,,,,27.90,,,,,,,,,,,
Malta,MLT,"Prevalence of underweight, weight for age (% of children under 5)",SH.STA.MALN.ZS,,,,,,,,,,,,,,,,,,,,,,,,,,,,,,,,,,,,,,,,,,,,,,,,,,,,,,,,,,
Myanmar,MMR,"Prevalence of underweight, weight for age (% of children under 5)",SH.STA.MALN.ZS,,,,,,,,,,,,,,,,,,,,,,,,,34.10,,,,,,28.80,32.80,,,27.70,38.70,,25.00,,,30.10,,,29.60,,,,,,22.60,,,,,,,,
Middle East & North Africa (excluding high income),MNA,"Prevalence of underweight, weight for age (% of children under 5)",SH.STA.MALN.ZS,,,,,,,,,,,,,,,,,,,,,,,,,,,,,,,,,,,,,,,,,,,,,,,,,,,,,,,,,,
Montenegro,MNE,"Prevalence of underweight, weight for age (% of children under 5)",SH.STA.MALN.ZS,,,,,,,,,,,,,,,,,,,,,,,,,,,,,,,,,,,,,,,,,,,,,,2.20,,,,,,,,1.00,,,,
Mongolia,MNG,"Prevalence of underweight, weight for age (% of children under 5)",SH.STA.MALN.ZS,,,,,,,,,,,,,,,,,,,,,,,,,,,,,,,,,10.80,,,,,,,10.80,11.60,,,,4.80,5.30,,,,,4.70,,,1.60,,,,
Northern Mariana Islands,MNP,"Prevalence of underweight, weight for age (% of children under 5)",SH.STA.MALN.ZS,,,,,,,,,,,,,,,,,,,,,,,,,,,,,,,,,,,,,,,,,,,,,,,,,,,,,,,,,,
Mozambique,MOZ,"Prevalence of underweight, weight for age (% of children under 5)",SH.STA.MALN.ZS,,,,,,,,,,,,,,,,,,,,,,,,,,,,,,,,,,,,23.90,,28.10,,,,23.00,,21.20,,,,,18.30,,,15.60,,,,,,
Mauritania,MRT,"Prevalence of underweight, weight for age (% of children under 5)",SH.STA.MALN.ZS,,,,,,,,,,,,,,,,,,,,,,,,,,,,,,,43.30,,,,,,20.30,,,,30.40,,,,,,,23.20,15.90,,,24.40,19.50,,,,,
Mauritius,MUS,"Prevalence of underweight, weight for age (% of children under 5)",SH.STA.MALN.ZS,,,,,,,,,,,,,,,,,,,,,,,,,,21.10,,,,,,,,,,13.00,,,,,,,,,,,,,,,,,,,,,,
Malawi,MWI,"Prevalence of underweight, weight for age (% of children under 5)",SH.STA.MALN.ZS,,,,,,,,,,,,,,,,,,,,,,21.10,,,,,,,,,,,24.40,,,26.50,,,26.30,,21.50,,,,18.40,,15.50,,,12.10,13.80,,,,16.70,,,
Malaysia,MYS,"Prevalence of underweight, weight for age (% of children under 5)",SH.STA.MALN.ZS,,,,,,,,,,,,,,,,,,,,,,,,,,,,,,,22.10,23.10,22.60,20.50,19.70,17.70,,,,16.70,,,,,,,12.90,,,,,,,,,,,
North America,NAC,"Prevalence of underweight, weight for age (% of children under 5)",SH.STA.MALN.ZS,,,,,,,,,,,,,,,,,,,,,,,,,,,,,,,1.10,,,,,1.00,,,,,0.90,,,,,0.80,,,,,0.70,,,,,0.70,0.60,
Namibia,NAM,"Prevalence of underweight, weight for age (% of children under 5)",SH.STA.MALN.ZS,,,,,,,,,,,,,,,,,,,,,,,,,,,,,,,,,21.50,,,,,,,,20.30,,,,,,,17.50,,,,,,13.20,,,,
New Caledonia,NCL,"Prevalence of underweight, weight for age (% of children under 5)",SH.STA.MALN.ZS,,,,,,,,,,,,,,,,,,,,,,,,,,,,,,,,,,,,,,,,,,,,,,,,,,,,,,,,,,
Niger,NER,"Prevalence of underweight, weight for age (% of children under 5)",SH.STA.MALN.ZS,,,,,,,,,,,,,,,,,,,,,,,,,,45.00,,,,,,,41.00,,,,,,45.00,,43.60,,,,,,39.90,,,,,,37.90,,,,,
Nigeria,NGA,"Prevalence of underweight, weight for age (% of children under 5)",SH.STA.MALN.ZS,,,,,,,,,,,,,,,,,,,,,,,,,,,,,,,35.10,,,35.10,,,,,,27.30,,,,27.20,,,,25.70,26.70,,,24.40,,31.00,19.80,,,
Nicaragua,NIC,"Prevalence of underweight, weight for age (% of children under 5)",SH.STA.MALN.ZS,,,,,,,,,,,,,,,,,,,,,,,8.70,,,,,,,,,,,9.60,,,,,10.30,,,7.80,,,4.30,,5.70,,,,,,,,,,,
Netherlands,NLD,"Prevalence of underweight, weight for age (% of children under 5)",SH.STA.MALN.ZS,,,,,,,,,,,,,,,,,,,,,1.60,,,,,,,,,,,,,,,,,,,,,,,,,,,,,,,,,,,,,
Norway,NOR,"Prevalence of underweight, weight for age (% of children under 5)",SH.STA.MALN.ZS,,,,,,,,,,,,,,,,,,,,,,,,,,,,,,,,,,,,,,,,,,,,,,,,,,,,,,,,,,
Nepal,NPL,"Prevalence of underweight, weight for age (% of children under 5)",SH.STA.MALN.ZS,,,,,,,,,,,,,,,,60.80,,,,,,,,,,,,,,,,,,,,44.10,42.90,,38.20,,,43.00,,,,,38.80,,,,,29.10,,,30.10,,,
Nauru,NRU,"Prevalence of underweight, weight for age (% of children under 5)",SH.STA.MALN.ZS,,,,,,,,,,,,,,,,,,,,,,,,,,,,,,,,,,,,,,,,,,,,,,,,4.80,,,,,,,,,,
New Zealand,NZL,"Prevalence of underweight, weight for age (% of children under 5)",SH.STA.MALN.ZS,,,,,,,,,,,,,,,,,,,,,,,,,,,,,,,,,,,,,,,,,,,,,,,,,,,,,,,,,,
OECD members,OED,"Prevalence of underweight, weight for age (% of children under 5)",SH.STA.MALN.ZS,,,,,,,,,,,,,,,,,,,,,,,,,,,,,,,,,,,,,,,,,,,,,,,,,,,,,,,,,,
Oman,OMN,"Prevalence of underweight, weight for age (% of children under 5)",SH.STA.MALN.ZS,,,,,,,,,,,,,,,,,,,,,,,,,,,,,,,,21.40,,,10.00,,,,,11.30,,,,,,,,,,8.60,,,,,9.70,,,
Other small states,OSS,"Prevalence of underweight, weight for age (% of children under 5)",SH.STA.MALN.ZS,,,,,,,,,,,,,,,,,,,,,,,,,,,,,,,,,,,,,,,,,,,,,,,,,,,,,,,,,,
Pakistan,PAK,"Prevalence of underweight, weight for age (% of children under 5)",SH.STA.MALN.ZS,,,,,,,,,,,,,,,,,,48.30,,,,,,,,,44.40,,,,,39.00,,,35.30,34.20,,,,,,31.30,,,,,,,,,,30.90,31.60,,,,,
Panama,PAN,"Prevalence of underweight, weight for age (% of children under 5)",SH.STA.MALN.ZS,,,,,,,,,,,,,,,,,,,,,11.70,,,,,,,,,,,,,,,,,6.30,,,,,,5.10,,,,,3.90,,,,,,,,,
Peru,PER,"Prevalence of underweight, weight for age (% of children under 5)",SH.STA.MALN.ZS,,,,,,,,,,,,,,,,,,,,,,,,,11.70,,,,,,,8.80,,,,,5.70,,,,5.20,,,,,5.40,,,4.50,4.30,4.30,4.20,3.50,,3.10,,,
Philippines,PHL,"Prevalence of underweight, weight for age (% of children under 5)",SH.STA.MALN.ZS,,,,,,,,,,,,,,45.50,,,,,,,,,29.60,,,,,29.30,,,29.90,,29.80,26.30,,,,,28.30,,,,,20.70,,,,,20.70,,,20.20,,19.90,,,,
Palau,PLW,"Prevalence of underweight, weight for age (% of children under 5)",SH.STA.MALN.ZS,,,,,,,,,,,,,,,,,,,,,,,,,,,,,,,,,,,,,,,,,,,,,,,,,,,,,,,,,,
Papua New Guinea,PNG,"Prevalence of underweight, weight for age (% of children under 5)",SH.STA.MALN.ZS,,,,,,,,,,,,,,,,,,,,,,,,24.60,,,,,,,,,,,,,,,,,,,,,,18.10,,,,,,27.90,,,,,,
Poland,POL,"Prevalence of underweight, weight for age (% of children under 5)",SH.STA.MALN.ZS,,,,,,,,,,,,,,,,,,,,,,,,,,,,,,,,,,,,,,,,,,,,,,,,,,,,,,,,,,
Pre-demographic dividend,PRE,"Prevalence of underweight, weight for age (% of children under 5)",SH.STA.MALN.ZS,,,,,,,,,,,,,,,,,,,,,,,,,,,,,,,,,,,,,,,,,,,,,,,,,,,,,,,,,,
Puerto Rico,PRI,"Prevalence of underweight, weight for age (% of children under 5)",SH.STA.MALN.ZS,,,,,,,,,,,,,,,,,,,,,,,,,,,,,,,,,,,,,,,,,,,,,,,,,,,,,,,,,,
"Korea, Dem. People’s Rep.",PRK,"Prevalence of underweight, weight for age (% of children under 5)",SH.STA.MALN.ZS,,,,,,,,,,,,,,,,,,,,,,,,,,,,,,,,,,,,,,,55.50,,24.70,,17.80,,20.60,,,,,18.80,,,15.20,,,,,
Portugal,PRT,"Prevalence of underweight, weight for age (% of children under 5)",SH.STA.MALN.ZS,,,,,,,,,,,,,,,,,,,,,,,,,,,,,,,,,,,,,,,,,,,,,,,,,,,,,,,,,,
Paraguay,PRY,"Prevalence of underweight, weight for age (% of children under 5)",SH.STA.MALN.ZS,,,,,,,,,,,,,,,,,,,,,,,,,,,,,,,2.80,,,,,,,,,,,,,,,3.40,,,,,,,2.60,,,,,
West Bank and Gaza,PSE,"Prevalence of underweight, weight for age (% of children under 5)",SH.STA.MALN.ZS,,,,,,,,,,,,,,,,,,,,,,,,,,,,,,,,,,,,,3.60,,,,,,,,,,,2.20,,,3.70,,,,1.40,,,
Pacific island small states,PSS,"Prevalence of underweight, weight for age (% of children under 5)",SH.STA.MALN.ZS,,,,,,,,,,,,,,,,,,,,,,,,,,,,,,,,,,,,,,,,,,,,,,,,,,,,,,,,,,
Post-demographic dividend,PST,"Prevalence of underweight, weight for age (% of children under 5)",SH.STA.MALN.ZS,,,,,,,,,,,,,,,,,,,,,,,,,,,,,,,,,,,,,,,,,,,,,,,,,,,,,,,,,,
French Polynesia,PYF,"Prevalence of underweight, weight for age (% of children under 5)",SH.STA.MALN.ZS,,,,,,,,,,,,,,,,,,,,,,,,,,,,,,,,,,,,,,,,,,,,,,,,,,,,,,,,,,
Qatar,QAT,"Prevalence of underweight, weight for age (% of children under 5)",SH.STA.MALN.ZS,,,,,,,,,,,,,,,,,,,,,,,,,,,,,,,,,,,,4.80,,,,,,,,,,,,,,,,,,,,,,
Romania,ROU,"Prevalence of underweight, weight for age (% of children under 5)",SH.STA.MALN.ZS,,,,,,,,,,,,,,,,,,,,,,,,,,,,,,,,5.00,,,,,,,,3.40,3.70,3.80,3.50,,,,,,,,,,,,,,,
Russian Federation,RUS,"Prevalence of underweight, weight for age (% of children under 5)",SH.STA.MALN.ZS,,,,,,,,,,,,,,,,,,,,,,,,,,,,,,,,,,,,,,,,,,,,,,,,,,,,,,,,,,
Rwanda,RWA,"Prevalence of underweight, weight for age (% of children under 5)",SH.STA.MALN.ZS,,,,,,,,,,,,,,,,,24.70,,,,,,,,,,,,,,,,24.30,,,,24.20,,,,20.30,,,,,18.00,,,,,11.70,,,,,,,
South Asia,SAS,"Prevalence of underweight, weight for age (% of children under 5)",SH.STA.MALN.ZS,,,,,,,,,,,,,,,,,,,,,,,,,,,,,,,51.90,,,,,47.40,,,,,43.00,,,,,38.70,,,,,34.50,,,,,30.60,29.80,
Saudi Arabia,SAU,"Prevalence of underweight, weight for age (% of children under 5)",SH.STA.MALN.ZS,,,,,,,,,,,,,,,,,,,,,,,,,,,,,,,,,,,13.50,,,,,,,,,,,5.30,,,,,,,,,,,,
Sudan,SDN,"Prevalence of underweight, weight for age (% of children under 5)",SH.STA.MALN.ZS,,,,,,,,,,,,,,,,,,,,,,,,,,,,,,,,,,31.80,,,,,,,38.40,,,,,,27.00,,,,,,,,33.00,,,
Senegal,SEN,"Prevalence of underweight, weight for age (% of children under 5)",SH.STA.MALN.ZS,,,,,,,,,,,,,,,,,,,,,,,,,,,17.30,,,,,,19.00,21.90,,,19.60,,,,20.30,,,,,14.50,,,,,,19.20,14.40,16.80,12.80,,,
Singapore,SGP,"Prevalence of underweight, weight for age (% of children under 5)",SH.STA.MALN.ZS,,,,,,,,,,,,,,,12.20,,,,,,,,,,,,,,,,,,,,,,,,,,3.30,,,,,,,,,,,,,,,,,
Solomon Islands,SLB,"Prevalence of underweight, weight for age (% of children under 5)",SH.STA.MALN.ZS,,,,,,,,,,,17.70,,,,,,,,,,,,,,,,,,,16.30,,,,,,,,,,,,,,,,,,11.50,,,,,,,,,,
Sierra Leone,SLE,"Prevalence of underweight, weight for age (% of children under 5)",SH.STA.MALN.ZS,,,,,,,,,,,,,,,,25.00,,,20.40,,,,,,,,,,,23.70,25.40,,,,,,,,,,24.70,,,,,28.30,,,21.30,,21.10,,,18.10,,,,
El Salvador,SLV,"Prevalence of underweight, weight for age (% of children under 5)",SH.STA.MALN.ZS,,,,,,,,,,,,,,,,19.50,,,,,,,,,,,,,11.10,,,,,7.20,,,,,9.60,,,,,6.10,,,,,6.60,,,,,,5.00,,,
San Marino,SMR,"Prevalence of underweight, weight for age (% of children under 5)",SH.STA.MALN.ZS,,,,,,,,,,,,,,,,,,,,,,,,,,,,,,,,,,,,,,,,,,,,,,,,,,,,,,,,,,
Somalia,SOM,"Prevalence of underweight, weight for age (% of children under 5)",SH.STA.MALN.ZS,,,,,,,,,,,,,,,,,,,,,,,,,,,,,,,,,,,,,,,,,22.80,,,,,,32.80,,,23.00,,,,,,,,
Serbia,SRB,"Prevalence of underweight, weight for age (% of children under 5)",SH.STA.MALN.ZS,,,,,,,,,,,,,,,,,,,,,,,,,,,,,,,,,,,,,,,,,,,,,,1.80,,,,,1.60,,,,1.80,,,
Sub-Saharan Africa (excluding high income),SSA,"Prevalence of underweight, weight for age (% of children under 5)",SH.STA.MALN.ZS,,,,,,,,,,,,,,,,,,,,,,,,,,,,,,,,,,,,,,,,,,,,,,,,,,,,,,,,,,
South Sudan,SSD,"Prevalence of underweight, weight for age (% of children under 5)",SH.STA.MALN.ZS,,,,,,,,,,,,,,,,,,,,,,,,,,,,,,,,,,,,,,,,,,,,,,,32.50,,,,27.60,,,,,,,
Sub-Saharan Africa,SSF,"Prevalence of underweight, weight for age (% of children under 5)",SH.STA.MALN.ZS,,,,,,,,,,,,,,,,,,,,,,,,,,,,,,,30.30,,,,,27.70,,,,,25.30,,,,,23.00,,,,,20.80,,,,,18.90,18.50,
Small states,SST,"Prevalence of underweight, weight for age (% of children under 5)",SH.STA.MALN.ZS,,,,,,,,,,,,,,,,,,,,,,,,,,,,,,,,,,,,,,,,,,,,,,,,,,,,,,,,,,
Sao Tome and Principe,STP,"Prevalence of underweight, weight for age (% of children under 5)",SH.STA.MALN.ZS,,,,,,,,,,,,,,,,,,,,,,,,,,,14.50,,,,,,,,,,,,,,10.10,,,,,,8.00,,14.40,,,,,,8.80,,,
Suriname,SUR,"Prevalence of underweight, weight for age (% of children under 5)",SH.STA.MALN.ZS,,,,,,,,,,,,,,,,,,,,,,,,,,,,,,,,,,,,,,,,,11.40,,,,,,7.50,,,,5.80,,,,,,,
Slovak Republic,SVK,"Prevalence of underweight, weight for age (% of children under 5)",SH.STA.MALN.ZS,,,,,,,,,,,,,,,,,,,,,,,,,,,,,,,,,,,,,,,,,,,,,,,,,,,,,,,,,,
Slovenia,SVN,"Prevalence of underweight, weight for age (% of children under 5)",SH.STA.MALN.ZS,,,,,,,,,,,,,,,,,,,,,,,,,,,,,,,,,,,,,,,,,,,,,,,,,,,,,,,,,,
Sweden,SWE,"Prevalence of underweight, weight for age (% of children under 5)",SH.STA.MALN.ZS,,,,,,,,,,,,,,,,,,,,,,,,,,,,,,,,,,,,,,,,,,,,,,,,,,,,,,,,,,
Swaziland,SWZ,"Prevalence of underweight, weight for age (% of children under 5)",SH.STA.MALN.ZS,,,,,,,,,,,,,,,,,,,,,,,,8.50,,,,,,,,,,,,,,,,,9.10,,,,,,6.10,,7.30,,5.80,,,,5.80,,,
Sint Maarten (Dutch part),SXM,"Prevalence of underweight, weight for age (% of children under 5)",SH.STA.MALN.ZS,,,,,,,,,,,,,,,,,,,,,,,,,,,,,,,,,,,,,,,,,,,,,,,,,,,,,,,,,,
Seychelles,SYC,"Prevalence of underweight, weight for age (% of children under 5)",SH.STA.MALN.ZS,,,,,,,,,,,,,,,,,,,,,,,,,,,,,5.00,,,,,,,,,,,,,,,,,,,,,,,,3.60,,,,,
Syrian Arab Republic,SYR,"Prevalence of underweight, weight for age (% of children under 5)",SH.STA.MALN.ZS,,,,,,,,,,,,,,,,,,,,,,,,,,,,,,,,,,11.50,,11.30,,,,,6.00,11.10,,,,,10.00,,,10.10,,,,,,,,
Turks and Caicos Islands,TCA,"Prevalence of underweight, weight for age (% of children under 5)",SH.STA.MALN.ZS,,,,,,,,,,,,,,,,,,,,,,,,,,,,,,,,,,,,,,,,,,,,,,,,,,,,,,,,,,
Chad,TCD,"Prevalence of underweight, weight for age (% of children under 5)",SH.STA.MALN.ZS,,,,,,,,,,,,,,,,,,,,,,,,,,,,,,,,,,,,,,34.30,,,29.40,,,,33.90,,,,,,30.30,,,,,28.80,,
East Asia & Pacific (IDA & IBRD countries),TEA,"Prevalence of underweight, weight for age (% of children under 5)",SH.STA.MALN.ZS,,,,,,,,,,,,,,,,,,,,,,,,,,,,,,,,,,,,,,,,,,,,,,,,,,,,,,,,,,
Europe & Central Asia (IDA & IBRD countries),TEC,"Prevalence of underweight, weight for age (% of children under 5)",SH.STA.MALN.ZS,,,,,,,,,,,,,,,,,,,,,,,,,,,,,,,,,,,,,,,,,,,,,,,,,,,,,,,,,,
Togo,TGO,"Prevalence of underweight, weight for age (% of children under 5)",SH.STA.MALN.ZS,,,,,,,,,,,,,,,,,23.10,,,,,,,,,,,,21.20,,,,,,,,16.70,,23.20,,,,,,,,22.30,,20.50,,16.50,,,,16.20,,,
Thailand,THA,"Prevalence of underweight, weight for age (% of children under 5)",SH.STA.MALN.ZS,,,,,,,,,,,,,,,,,,,,,,,,,,,,17.40,,,,,,16.30,,15.40,,,,,,,,,,,7.00,,,,,,9.20,,,,,
Tajikistan,TJK,"Prevalence of underweight, weight for age (% of children under 5)",SH.STA.MALN.ZS,,,,,,,,,,,,,,,,,,,,,,,,,,,,,,,,,,,,,,,,,,,,,,14.90,,15.00,,8.30,,,13.30,,,,,
Turkmenistan,TKM,"Prevalence of underweight, weight for age (% of children under 5)",SH.STA.MALN.ZS,,,,,,,,,,,,,,,,,,,,,,,,,,,,,,,,,,,,,,,,,10.50,,,,,,9.20,,,,,,,,,,,
Latin America & the Caribbean (IDA & IBRD countries),TLA,"Prevalence of underweight, weight for age (% of children under 5)",SH.STA.MALN.ZS,,,,,,,,,,,,,,,,,,,,,,,,,,,,,,,,,,,,,,,,,,,,,,,,,,,,,,,,,,
Timor-Leste,TLS,"Prevalence of underweight, weight for age (% of children under 5)",SH.STA.MALN.ZS,,,,,,,,,,,,,,,,,,,,,,,,,,,,,,,,,,,,,,,,,,,40.60,41.50,,,,48.60,,45.30,,,,37.70,,,,
Middle East & North Africa (IDA & IBRD countries),TMN,"Prevalence of underweight, weight for age (% of children under 5)",SH.STA.MALN.ZS,,,,,,,,,,,,,,,,,,,,,,,,,,,,,,,,,,,,,,,,,,,,,,,,,,,,,,,,,,
Tonga,TON,"Prevalence of underweight, weight for age (% of children under 5)",SH.STA.MALN.ZS,,,,,,,,,,,,,,,,,,,,,,,,,,,,,,,,,,,,,,,,,,,,,,,,,,,,,1.90,,,,,
South Asia (IDA & IBRD),TSA,"Prevalence of underweight, weight for age (% of children under 5)",SH.STA.MALN.ZS,,,,,,,,,,,,,,,,,,,,,,,,,,,,,,,,,,,,,,,,,,,,,,,,,,,,,,,,,,
Sub-Saharan Africa (IDA & IBRD countries),TSS,"Prevalence of underweight, weight for age (% of children under 5)",SH.STA.MALN.ZS,,,,,,,,,,,,,,,,,,,,,,,,,,,,,,,,,,,,,,,,,,,,,,,,,,,,,,,,,,
Trinidad and Tobago,TTO,"Prevalence of underweight, weight for age (% of children under 5)",SH.STA.MALN.ZS,,,,,,,,,,,,,,,,,14.30,,,,,,,,,,,4.70,,,,,,,,,,,,,4.40,,,,,,,,,,,,,,,,,
Tunisia,TUN,"Prevalence of underweight, weight for age (% of children under 5)",SH.STA.MALN.ZS,,,,,,,,,,,,,,,17.20,,,,,,,,,,,,,,8.50,,,,,,8.10,,,3.30,,,3.50,,,,,,3.30,,,,,,2.30,,,,,
Turkey,TUR,"Prevalence of underweight, weight for age (% of children under 5)",SH.STA.MALN.ZS,,,,,,,,,,,,,,,,,,,,,,,,,,,,,,,,,,8.70,,9.00,,,7.00,,,,,,3.50,,,,1.70,,,,,1.90,,,,
Tuvalu,TUV,"Prevalence of underweight, weight for age (% of children under 5)",SH.STA.MALN.ZS,,,,,,,,,,,,,,,,,,,,,,,,,,,,,,,,,,,,,,,,,,,,,,,,1.60,,,,,,,,,,
Tanzania,TZA,"Prevalence of underweight, weight for age (% of children under 5)",SH.STA.MALN.ZS,,,,,,,,,,,,,,,,,,,,,,,,,,,,,,,,25.10,,,,,26.90,,,25.30,,,,,16.70,,,,,15.90,16.20,13.60,,,,,,
Uganda,UGA,"Prevalence of underweight, weight for age (% of children under 5)",SH.STA.MALN.ZS,,,,,,,,,,,,,,,,,,,,,,,,,,,,,19.70,,,,,,,21.50,,,,,19.00,,,,,,16.40,,,,,14.10,,,,,,
Ukraine,UKR,"Prevalence of underweight, weight for age (% of children under 5)",SH.STA.MALN.ZS,,,,,,,,,,,,,,,,,,,,,,,,,,,,,,,,,,,,,,,,,4.10,,0.90,,,,,,,,,,,,,,,
Upper middle income,UMC,"Prevalence of underweight, weight for age (% of children under 5)",SH.STA.MALN.ZS,,,,,,,,,,,,,,,,,,,,,,,,,,,,,,,12.40,,,,,9.10,,,,,6.60,,,,,4.80,,,,,3.40,,,,,2.40,2.30,
Uruguay,URY,"Prevalence of underweight, weight for age (% of children under 5)",SH.STA.MALN.ZS,,,,,,,,,,,,,,,,,,,,,,,,,,,,6.50,,,,,,,,,,,,5.20,,,5.40,5.70,6.00,,,4.70,,,,4.50,,,,,,
United States,USA,"Prevalence of underweight, weight for age (% of children under 5)",SH.STA.MALN.ZS,,,,,,,,,,2.00,,,,,,,,,,,,,,,,,,,,,,0.90,,,,,,,,,,1.10,1.30,,,1.10,,,,0.80,,,0.50,,,,,
Uzbekistan,UZB,"Prevalence of underweight, weight for age (% of children under 5)",SH.STA.MALN.ZS,,,,,,,,,,,,,,,,,,,,,,,,,,,,,,,,,,,,,15.30,,,,,,7.10,,,,4.40,,,,,,,,,,,
St. Vincent and the Grenadines,VCT,"Prevalence of underweight, weight for age (% of children under 5)",SH.STA.MALN.ZS,,,,,,,,,,,,,,,,,,,,,,,,,,,,,,,,,,,,,,,,,,,,,,,,,,,,,,,,,,
"Venezuela, RB",VEN,"Prevalence of underweight, weight for age (% of children under 5)",SH.STA.MALN.ZS,,,,,,,,,,,,,,,,,,,,,,,8.90,,,,,3.90,,,6.70,5.40,4.50,4.00,3.90,4.10,4.40,4.50,4.60,4.10,3.90,4.00,4.20,4.60,4.50,4.10,3.90,3.70,3.20,2.90,,,,,,,,
British Virgin Islands,VGB,"Prevalence of underweight, weight for age (% of children under 5)",SH.STA.MALN.ZS,,,,,,,,,,,,,,,,,,,,,,,,,,,,,,,,,,,,,,,,,,,,,,,,,,,,,,,,,,
Virgin Islands (U.S.),VIR,"Prevalence of underweight, weight for age (% of children under 5)",SH.STA.MALN.ZS,,,,,,,,,,,,,,,,,,,,,,,,,,,,,,,,,,,,,,,,,,,,,,,,,,,,,,,,,,
Vietnam,VNM,"Prevalence of underweight, weight for age (% of children under 5)",SH.STA.MALN.ZS,,,,,,,,,,,,,,,,,,,,,,,,,47.00,,,,40.70,,,,,36.90,40.60,,,,35.80,32.80,26.70,,23.40,24.60,23.80,22.70,22.10,22.60,20.20,,12.00,,,,,,,
Vanuatu,VUT,"Prevalence of underweight, weight for age (% of children under 5)",SH.STA.MALN.ZS,,,,,,,,,,,,,,,,,,,,,,,,17.30,,,,,,,,,,,,,10.60,,,,,,,,,,,11.70,,,,,,10.70,,,,
World,WLD,"Prevalence of underweight, weight for age (% of children under 5)",SH.STA.MALN.ZS,,,,,,,,,,,,,,,,,,,,,,,,,,,,,,,24.80,,,,,22.60,,,,,20.90,,,,,18.70,,,,,16.50,,,,,14.40,14.00,
Samoa,WSM,"Prevalence of underweight, weight for age (% of children under 5)",SH.STA.MALN.ZS,,,,,,,,,,,,,,,,,,,,,,,,,,,,,,,,,,,,,,,,1.70,,,,,,,,,,,,,,,,,,
Kosovo,XKX,"Prevalence of underweight, weight for age (% of children under 5)",SH.STA.MALN.ZS,,,,,,,,,,,,,,,,,,,,,,,,,,,,,,,,,,,,,,,,,,,,,,,,,,,,,,,,,,
"Yemen, Rep.",YEM,"Prevalence of underweight, weight for age (% of children under 5)",SH.STA.MALN.ZS,,,,,,,,,,,,,,,,,,,,,,,,,,,,,,,,29.60,,,,,34.20,47.60,,,,,,43.10,,,,,,,,35.50,,39.90,,,,
South Africa,ZAF,"Prevalence of underweight, weight for age (% of children under 5)",SH.STA.MALN.ZS,,,,,,,,,,,,,,,,,,,,,,,,,,,,,,,,,,,8.00,,,,,10.10,,,,,11.60,,,,8.70,,,,,,,,,
Zambia,ZMB,"Prevalence of underweight, weight for age (% of children under 5)",SH.STA.MALN.ZS,,,,,,,,,,,,,,,,,,,,,,,,,,,,,,,,,21.20,,,,19.60,,,19.60,,,23.30,,,,,14.90,,,,,,14.80,,,,
Zimbabwe,ZWE,"Prevalence of underweight, weight for age (% of children under 5)",SH.STA.MALN.ZS,,,,,,,,,,,,,,,,,,,,,,,,,,,,10.50,8.00,,,,,,11.70,,,,,11.50,,,,,,14.00,,,,12.70,10.10,,,,11.20,,,